,date,Month,E01Temp,E02Temp,E03Temp,E04Temp,E05Temp,E06Temp,E07Temp,E08Temp,E09Temp
1,01/01/2017,January,2.188256008,4.412245521,3.638786385,3.734667052,4.04283042,3.954531581,3.963607961,3.151125346,2.685378597
2,02/01/2017,January,0.64148303,2.405014564,1.798596074,2.151717588,1.809742683,1.478069631,2.40656579,1.617622567,1.999827465
3,03/01/2017,January,1.989268215,3.893051465,3.710887585,3.695604915,3.082417457,2.847161279,3.636079594,2.852933301,2.911063303
4,04/01/2017,January,2.679153592,4.328168283,3.150294612,4.065203523,4.098860436,3.76327574,5.29039451,4.311838138,4.535837853
5,05/01/2017,January,-0.056871073,2.014321206,1.235717831,1.347904511,1.345566601,1.802655474,1.291835079,1.004204093,0.720994082
6,06/01/2017,January,2.04919555,3.851501817,3.139783079,3.120761689,2.522598981,2.403640918,2.937439325,2.467025691,3.116322976
7,07/01/2017,January,5.806144205,6.734102914,6.652683685,5.839676587,4.877342792,4.641860248,6.150688677,5.427769606,5.945911735
8,08/01/2017,January,7.132343326,7.105442363,7.629199821,6.204201665,5.566980063,5.731861936,7.056903457,6.067938403,6.928392774
9,09/01/2017,January,6.133210435,6.774021909,6.673860118,6.06916146,5.786992853,6.110093012,7.499810519,6.317445526,6.911113975
10,10/01/2017,January,6.511434589,7.371831561,6.959995294,7.395531839,6.904462755,6.688416791,7.625066075,6.749056029,6.535012222
11,11/01/2017,January,4.181990651,5.851289638,5.217919954,5.953799146,5.78503005,5.733229515,6.589913931,5.67987783,5.587788007
12,12/01/2017,January,1.385041563,2.409361488,1.791495944,2.539041861,2.450190031,2.221090212,3.181955688,2.239725806,1.73408613
13,13/01/2017,January,0.211474518,1.620174013,0.879179291,1.421677026,0.928019286,0.750531927,1.966730896,0.997265416,0.884446619
14,14/01/2017,January,1.707638999,2.084295416,1.256692433,2.333438369,1.086700612,0.92119293,2.797873137,1.841407517,2.455818075
15,15/01/2017,January,3.598135306,4.493474121,3.817230756,4.282074263,3.647442979,3.768927544,5.084022412,4.302631487,4.310273574
16,16/01/2017,January,7.101935713,7.61074577,7.276135069,7.106207078,4.491287702,3.585565474,7.461426552,5.845718352,7.353539844
17,17/01/2017,January,6.731638209,7.699468814,7.339165174,6.424840083,5.236695359,4.411450341,6.494642221,5.529310808,5.863164945
18,18/01/2017,January,6.427683429,7.592996428,7.314792464,6.009284065,6.018734363,5.303300431,7.210286935,6.256407572,6.378930959
19,19/01/2017,January,5.974259666,5.831691285,6.096600076,4.239966216,5.008466988,5.70049815,6.702360048,5.953924431,6.062322425
20,20/01/2017,January,3.800452495,4.536374847,3.983763973,3.218046914,4.352811971,4.985652142,5.633982197,5.125407515,5.221475715
21,21/01/2017,January,0.873230208,1.357028191,1.042096083,1.474892912,1.652521584,1.757708876,1.780711508,1.402076849,1.358958511
22,22/01/2017,January,0.241334742,1.858325335,1.183385069,1.397166444,0.325735957,-0.494783618,0.837741384,0.064953641,0.198366844
23,23/01/2017,January,1.701318432,2.764275722,2.336801989,2.128201028,0.892894954,0.688365751,1.391499812,0.702605543,1.096846685
24,24/01/2017,January,3.421856943,4.93060405,4.179106364,2.932467768,1.8818513,1.854176973,2.844513024,1.903231408,2.251716828
25,25/01/2017,January,6.096968487,6.841912548,6.596587937,4.976149768,3.467347112,2.215027099,4.956832575,3.583420485,4.775960204
26,26/01/2017,January,0.574286696,0.055803355,-0.506328199,-0.640324424,-0.622648709,-0.710923719,-0.58715726,-1.266906603,-1.838232998
27,27/01/2017,January,0.533930546,-0.395481183,-0.850134208,-0.223050982,0.126608222,-0.258951176,0.277665503,-0.287486953,-0.798379594
28,28/01/2017,January,1.305580936,1.212078564,0.801882498,1.946615498,2.453036977,2.166391323,2.129853515,1.619458697,0.818621955
29,29/01/2017,January,2.582698549,3.328805641,3.406293944,3.534463628,2.91434823,2.61406449,3.566307528,2.680927962,3.061763127
30,30/01/2017,January,1.955399208,2.54001913,1.900228595,2.892896063,3.624466963,3.339479463,3.872612459,3.330171679,2.707248641
31,31/01/2017,January,4.075042247,3.689077562,2.987815933,4.077768098,4.334723195,4.624566187,5.223159536,4.408877595,4.451651576
32,01/02/2017,February,7.120967774,7.379304944,6.9346052,6.700160669,6.687587398,6.261204177,7.45478726,6.529879155,6.524253864
33,02/02/2017,February,8.263764118,8.128496922,7.718566505,7.979514886,8.197306511,7.971023323,8.673162071,7.730505381,7.716429409
34,03/02/2017,February,6.768848227,8.190864017,6.839179429,7.773646509,7.444606749,6.83853483,7.491750169,6.429698077,6.492490279
35,04/02/2017,February,3.815232881,5.280393722,4.775536033,4.602586395,4.255830294,3.79667293,4.939932138,3.909657181,4.080722439
36,05/02/2017,February,2.860370299,3.493651959,3.074208344,2.829100412,3.126664828,2.504049047,3.63965453,2.696422358,3.203470266
37,06/02/2017,February,1.928537208,2.012046999,1.295610755,0.89389371,1.245847816,1.385880306,1.641194015,0.78752528,1.397040511
38,07/02/2017,February,3.66424205,3.932395608,2.916006759,2.806958299,2.886080174,2.60565232,4.093324395,3.07281248,3.647688462
39,08/02/2017,February,2.403922414,3.450974448,2.89093046,2.225675241,2.612106272,2.192528072,2.588147953,1.935228546,1.029588801
40,09/02/2017,February,0.245720106,1.767621149,1.345575902,1.437217455,1.361950459,0.776618182,1.478523674,0.543509376,0.475617474
41,10/02/2017,February,0.622745757,2.191804735,1.65646474,1.505897013,1.457489919,0.978344044,1.756037402,0.74814334,0.193459286
42,11/02/2017,February,0.772919014,2.702017703,2.05082439,1.883236187,1.743870028,1.203914165,2.039808011,1.097455374,0.728085861
43,12/02/2017,February,1.539405263,3.028430686,2.412263093,2.331916922,2.367074938,1.813614133,2.502373524,1.526833489,1.040516624
44,13/02/2017,February,2.861430599,3.585442618,2.671005616,3.565573048,3.914881716,3.352337253,4.481267865,3.376865048,2.945974629
45,14/02/2017,February,4.518924928,5.294106525,4.686273144,4.223635711,4.560363545,3.961312137,4.856930398,3.899295822,3.819597597
46,15/02/2017,February,6.096156041,6.53371081,6.550050423,6.496151202,6.43120192,5.914782927,6.754514707,5.606777488,5.735261044
47,16/02/2017,February,6.577459426,7.641850408,7.107949555,7.433025289,7.441199246,6.784418928,7.808593433,6.909285856,7.320467129
48,17/02/2017,February,6.433945662,6.377576229,6.227969886,6.937510647,7.002708705,7.358652893,8.301825556,7.423749535,7.652517131
49,18/02/2017,February,7.190383507,8.096296345,7.728243577,8.214327976,7.866702695,7.484288579,8.833633084,7.918356551,8.174505337
50,19/02/2017,February,8.347145254,9.027241282,8.695057144,9.210198969,8.820314366,8.129243666,9.043534572,8.259341363,8.080234518
51,20/02/2017,February,8.879222215,11.04591446,10.35846168,10.48556458,10.54578212,10.19420366,10.21009894,9.544755841,8.989001734
52,21/02/2017,February,6.880377601,8.305482069,7.600225268,7.976062233,8.258663578,8.112626967,8.512764562,7.727020239,7.868006462
53,22/02/2017,February,5.821617445,6.788419035,6.462175091,7.290222145,7.808636816,7.539698667,7.925991264,7.013451488,6.836201338
54,23/02/2017,February,4.313255343,4.844371417,4.352299549,5.974674794,6.179907126,6.161871778,6.551230691,5.71732429,5.53014008
55,24/02/2017,February,3.68386141,5.031742075,4.797028153,4.616995271,4.636518312,4.392499999,5.163367504,4.411400426,4.263565072
56,25/02/2017,February,5.410800561,7.327497676,6.769087275,6.881562673,6.777170807,6.337296545,6.951169998,6.151480772,5.53618792
57,26/02/2017,February,6.230539784,8.440590449,7.434928895,7.769057942,8.352852341,8.063233367,8.510547592,7.702034188,7.232942791
58,27/02/2017,February,3.821960505,5.016369162,4.336441838,5.247075095,5.205868808,5.39194335,5.089863334,4.257170815,3.640237271
59,28/02/2017,February,1.964660699,3.636221231,3.214476991,3.533838306,3.174687417,2.813671129,3.137623785,2.358407713,2.273951792
60,01/03/2017,March,2.176930726,4.117376193,3.697847784,3.700531095,3.607953787,3.524116009,4.269404024,3.222004592,3.820076287
61,02/03/2017,March,3.338760853,4.50018394,4.045717001,4.977597654,4.958033442,4.547183812,5.029597819,4.134597629,3.74009943
62,03/03/2017,March,3.741625369,4.915840149,4.349122882,4.609512568,4.666940928,4.229759455,5.334496617,4.257690668,4.235474706
63,04/03/2017,March,5.943078637,6.453944325,6.030875206,7.050698757,7.203722477,6.885262132,7.834596872,6.823412061,7.028734326
64,05/03/2017,March,5.475422025,6.923043847,6.272240818,6.380779028,5.762654185,5.108129978,5.183621764,4.270995736,3.884486437
65,06/03/2017,March,5.311878324,5.274410546,5.090295732,5.884534657,5.345583975,4.918248773,6.484164715,5.573411822,5.321016669
66,07/03/2017,March,4.084683985,5.490776181,5.182583123,5.626074612,5.535509527,5.295593202,5.985662699,5.196958005,5.153585315
67,08/03/2017,March,6.580771923,7.475057244,7.242015243,8.560288668,8.540426493,7.93648982,8.465634584,7.574768782,7.326808929
68,09/03/2017,March,7.193319798,8.747027159,8.574306488,9.063864231,8.43723321,7.766986847,9.071907282,7.986243963,7.441527367
69,10/03/2017,March,6.153805971,7.126816273,6.677454531,6.778603911,6.590590596,6.398418307,7.557441473,6.711366773,7.001849174
70,11/03/2017,March,7.72736311,8.414009809,7.812413692,8.275825977,9.011936188,8.821948051,9.427053452,8.367919922,8.476841927
71,12/03/2017,March,8.528807878,10.53382874,10.33298588,10.59910107,11.26273727,10.72589684,11.07913113,10.4083271,10.22259474
72,13/03/2017,March,6.629943728,8.082592249,7.606053948,7.932006598,7.277848959,6.927601814,7.697847009,6.884104013,7.106101632
73,14/03/2017,March,8.672827959,10.4102118,9.747259378,10.88359761,10.58223867,9.822248459,10.64547944,9.737212181,9.781573057
74,15/03/2017,March,7.385728002,8.19038105,7.578681946,8.617296457,9.34659934,9.22366786,9.618905067,8.854511976,9.261433363
75,16/03/2017,March,7.041911364,8.243650675,7.811711788,8.746426105,8.517562866,7.979967356,8.550380468,7.528803587,7.787571907
76,17/03/2017,March,5.841908336,6.460865021,6.142773986,6.902922153,6.733483791,6.49844861,7.156923532,6.254422665,5.829578638
77,18/03/2017,March,7.665596724,8.795325994,8.587362289,9.547256231,9.573722363,8.98560071,9.349775791,8.638301849,7.990858078
78,19/03/2017,March,8.522147179,10.2943275,10.35917091,10.87879777,11.07359314,10.70377016,10.94007397,10.21996832,9.74292326
79,20/03/2017,March,6.449356794,7.940919876,7.720028162,8.192691565,8.707597256,8.585198879,9.242805958,8.240628481,7.894407511
80,21/03/2017,March,3.357643574,5.09302032,4.510138631,4.595128357,4.860310614,4.632018745,5.286981821,4.231269598,3.905993938
81,22/03/2017,March,2.343817353,3.10013625,2.65627861,3.704574943,4.216259897,4.541456819,4.510325611,3.633002758,3.517201781
82,23/03/2017,March,4.113580823,5.592547059,4.767458916,5.865824103,6.226209044,5.779601455,6.648284435,5.567585528,5.617142081
83,24/03/2017,March,5.6502451,5.533285812,5.121114209,6.469345033,5.996125609,5.759624183,7.279614151,6.146879345,6.362005234
84,25/03/2017,March,7.064139813,8.916116118,8.152619094,7.482953489,6.97658056,6.596611619,7.454789937,6.655425787,6.888578176
85,26/03/2017,March,7.415237814,6.268484026,6.015775487,6.497345001,6.588673659,6.299316257,7.636458397,6.892851651,7.314606369
86,27/03/2017,March,7.005109549,6.038382292,5.35552156,6.166673362,5.590408921,5.865422606,6.633863449,5.949622154,6.710203648
87,28/03/2017,March,7.516332269,7.852453232,7.222896814,7.425808549,7.932858467,8.015452862,8.219260693,7.758054733,8.017283678
88,29/03/2017,March,8.810848475,9.151313782,8.834660411,9.638037682,9.909638405,9.407527685,9.937606096,9.064547062,8.821127892
89,30/03/2017,March,10.8482852,12.54069471,12.16162348,12.68353796,14.14566517,14.11971903,14.12460947,13.35688877,13.03964376
90,31/03/2017,March,10.94019365,12.54020071,12.30257797,12.84801865,14.05417776,13.87897825,13.77780676,13.0305748,13.12440252
91,01/04/2017,April,9.535110834,10.49510393,9.698868366,10.77391708,10.00393758,9.016225915,10.10150728,9.001074993,8.68414846
92,02/04/2017,April,8.305708888,10.05061428,9.752228331,9.935002011,9.213953131,8.293272582,9.320766811,8.623217907,8.060839393
93,03/04/2017,April,7.152538631,9.545535883,8.366465296,8.827135149,9.934131261,9.623987287,9.395468086,8.891447134,9.056276757
94,04/04/2017,April,8.658226766,11.45988747,10.6464525,11.07696895,10.28161077,9.376129793,11.03451829,9.808301466,10.23921766
95,05/04/2017,April,8.000742107,9.75371673,9.278077115,9.783985311,8.852739784,7.827586277,9.106706326,7.976107897,8.020966191
96,06/04/2017,April,5.68526116,8.715596003,7.830315281,7.830658022,7.488723871,7.215896174,6.914924997,6.137870377,5.705759186
97,07/04/2017,April,7.76218261,8.902203289,9.084905127,8.737275671,7.928964537,7.218442711,8.953471867,7.609524527,8.501441839
98,08/04/2017,April,7.478132057,8.622960556,7.45284351,8.54715688,9.064111124,9.141818812,9.864563306,9.039542273,9.828045984
99,09/04/2017,April,10.09730861,12.29934742,11.57153291,12.31502264,13.59226858,13.41296832,13.05148792,12.78308414,14.01780094
100,10/04/2017,April,7.873160026,8.289599275,7.818288567,9.210041099,8.16688059,7.623397501,8.856731531,7.761961911,7.828989698
101,11/04/2017,April,6.994789763,7.958880858,7.497326264,8.102305992,7.963325904,7.446712383,8.061791489,7.073755207,7.270447429
102,12/04/2017,April,8.741419764,11.0559545,10.32801914,10.91363534,10.75175476,10.18913631,10.27331515,9.262458993,8.556861412
103,13/04/2017,April,6.287059822,8.099305048,7.680628988,8.105168921,7.271990057,6.722951586,7.913395344,6.778805809,7.177007423
104,14/04/2017,April,8.128707174,8.40318637,8.288533125,9.988686597,9.187026933,8.642884402,9.944215261,8.765332404,8.436777027
105,15/04/2017,April,6.504719084,8.082649605,7.568904609,8.237569732,7.875320195,7.431792278,8.084262863,7.049742954,6.495522978
106,16/04/2017,April,5.515914163,5.853551506,5.233396816,6.367008649,6.467652663,6.247160671,7.585434735,6.532980716,6.874947033
107,17/04/2017,April,5.968432165,5.473668259,5.354525829,6.918424936,6.611542114,6.249947039,7.70059432,6.55933652,6.38911464
108,18/04/2017,April,3.360914646,4.353239017,3.450375085,4.943826966,5.175681674,4.711845398,5.665057024,4.816459496,4.74899915
109,19/04/2017,April,6.666864007,8.233867972,7.210220123,8.040197236,7.38214432,6.034065118,7.880920065,6.642256523,6.732406935
110,20/04/2017,April,9.493383085,12.6519926,12.23173372,11.62698431,10.81152238,9.92446858,11.27270606,10.12576844,9.830846153
111,21/04/2017,April,10.10078489,11.90292637,11.46001327,11.00154633,9.989167712,9.589731228,10.33245416,9.172196998,9.533181389
112,22/04/2017,April,6.227000118,6.991649486,6.472040091,8.188341333,7.884346007,7.713342619,8.969366157,8.054845289,8.231623161
113,23/04/2017,April,5.949427814,8.344176246,7.708488109,8.391636574,8.142414628,7.841886228,8.236296205,7.256164999,7.647583509
114,24/04/2017,April,6.847590327,7.626308312,7.217540689,8.239599493,8.091070437,7.994040126,9.437580432,8.214543555,8.234753707
115,25/04/2017,April,2.190396067,3.687650731,2.958779111,3.822162554,3.03428969,2.610164614,3.914955583,2.73204684,2.63954323
116,26/04/2017,April,3.193928661,4.919732936,4.330754965,5.007194795,4.74110864,4.15346972,5.564550055,4.448090768,4.174657475
117,27/04/2017,April,6.600057993,8.627480474,7.699553049,7.88740594,6.436308039,5.269634572,7.504816918,6.11562331,6.237152238
118,28/04/2017,April,5.676441041,5.844615205,6.311477651,6.564462642,6.148919467,6.012106938,7.381382425,6.1687873,6.608592432
119,29/04/2017,April,7.963532187,7.74121207,8.005529359,9.282967099,8.790460692,8.342179413,9.130052774,7.940345955,8.031635912
120,30/04/2017,April,9.304461015,9.2639964,8.444731855,9.816608205,9.409025892,8.740880176,10.51509429,9.028567352,9.446792575
121,01/05/2017,May,10.21988146,9.653537993,9.142425438,10.55889383,11.57057692,11.08642346,12.04024192,10.96925328,10.63552972
122,02/05/2017,May,9.422101887,10.10411089,9.572921645,10.01235259,8.519171638,8.61228517,10.41815643,9.16363558,9.595072681
123,03/05/2017,May,9.005358607,9.283864298,8.410905692,9.75088817,9.205080158,8.456035933,10.02514874,8.729828333,8.901883015
124,04/05/2017,May,9.441194642,9.620665017,9.323675633,10.05351018,9.983326415,9.689946671,11.41663468,10.09511232,10.21721997
125,05/05/2017,May,8.609748183,8.132500827,7.805829918,9.384700544,9.434269698,8.92213408,10.31923467,9.138803169,9.399660511
126,06/05/2017,May,8.141082015,7.789352817,7.66213322,8.28710696,7.931917927,7.713507399,8.626351234,7.412285611,7.502060062
127,07/05/2017,May,7.336136506,8.66577193,7.444333792,7.707197956,8.029333877,8.004024967,8.625835799,7.513819373,6.920661851
128,08/05/2017,May,7.742619465,8.481370306,7.446334109,8.717432304,8.081904813,7.722038272,8.343847511,7.229197002,7.163432662
129,09/05/2017,May,7.815471265,9.394107856,8.819857291,9.706671693,9.375576486,8.54681823,9.380645211,8.333645798,8.67344778
130,10/05/2017,May,8.613558927,9.079399756,9.59346861,9.979611677,9.586387986,9.198760488,10.25423148,9.27002283,9.967905899
131,11/05/2017,May,9.893209754,8.556844841,8.389440887,9.859670269,9.916288145,8.840965504,10.83653461,9.677336713,10.28767702
132,12/05/2017,May,10.78100183,10.02118118,9.430992349,10.41518101,10.15995149,10.42745092,10.95788066,9.690874393,9.581532631
133,13/05/2017,May,11.51207336,12.37266969,12.25690195,12.89205301,13.03451017,12.50520992,13.18583786,12.22880769,11.7822766
134,14/05/2017,May,11.64215838,13.82793813,13.16050214,13.38295073,13.47765333,13.00400474,13.57035971,12.45722231,12.62330681
135,15/05/2017,May,10.98682544,12.28310018,11.51430101,11.49570017,11.01974585,10.55960376,11.74837632,10.6499938,11.59888857
136,16/05/2017,May,13.06621571,14.98746244,14.3543184,14.35680716,14.79878358,14.41104063,14.93917093,13.72493046,13.55214817
137,17/05/2017,May,10.78612286,12.68526907,12.03529811,11.91377601,12.22255448,12.26039316,12.31579751,11.33599993,11.36001857
138,18/05/2017,May,9.270430184,11.59111712,10.58212107,10.94370187,11.04457943,11.31775287,11.62394312,10.50861094,10.89220705
139,19/05/2017,May,9.132050171,9.946023339,8.863152145,10.32189606,10.5505155,10.2368873,10.68482359,9.784042771,9.648655673
140,20/05/2017,May,9.443727757,10.50800526,10.1365346,11.28706571,11.33947347,10.79657376,11.00452353,9.84145444,9.828356783
141,21/05/2017,May,10.95659737,10.20486163,10.51114974,11.66090759,11.468806,11.0651897,12.23222354,10.94703503,12.05275994
142,22/05/2017,May,14.04567005,12.28995653,12.44201714,14.49445773,14.81388867,14.19073966,15.29824062,14.10227957,14.91239081
143,23/05/2017,May,12.56046599,13.78070801,13.36871305,13.77481766,14.54809277,14.58949785,14.98288355,14.03551615,14.34488847
144,24/05/2017,May,15.94935038,17.61134174,17.36910704,18.12248952,18.18908413,17.55601366,17.30332207,16.64252621,15.97052015
145,25/05/2017,May,17.79007029,16.52175665,15.99082713,17.75342897,17.68675238,16.82579777,18.29630328,17.2387664,17.78500193
146,26/05/2017,May,19.27838549,17.06063535,18.11467961,18.88873384,18.60712828,17.40462929,19.18659732,17.97785989,18.68946036
147,27/05/2017,May,18.45854695,14.13805135,15.13382749,17.30825894,17.97482112,17.54096165,17.93703362,17.07578073,17.484391
148,28/05/2017,May,15.16571182,17.26947145,16.61432502,17.097508,17.40201625,16.97774611,16.02777905,15.37604092,14.17839279
149,29/05/2017,May,12.29713633,13.64365053,13.42890289,13.4059242,13.31322334,12.92897139,13.46029961,12.49361958,12.26168004
150,30/05/2017,May,13.37007559,14.8471846,14.45370168,15.03488548,15.2444405,14.74664148,15.17446857,14.16163061,13.9285143
151,31/05/2017,May,11.478714,11.87754122,11.49585163,12.7289386,12.82927806,12.53680826,13.39233515,12.385213,13.57959036
152,01/06/2017,June,14.73913145,15.44294226,15.58753348,16.79180253,16.93191081,16.3056451,17.77837072,16.55789763,17.16442008
153,02/06/2017,June,13.87994854,16.19056808,15.5616982,15.7950921,15.49272123,15.157732,15.35202404,14.45493512,14.16818262
154,03/06/2017,June,10.79314611,13.19967954,12.36989005,13.55388895,14.66246969,14.60831921,13.84330731,13.34931552,12.7816163
155,04/06/2017,June,11.04839421,12.35077851,11.95941091,13.00640453,13.0901868,12.78819157,13.50646679,12.34660771,12.60264208
156,05/06/2017,June,11.045783,11.86274603,11.38467782,11.98553577,11.61826115,11.06392777,11.80482303,10.73647059,10.77655125
157,06/06/2017,June,10.70206983,12.85689017,12.45207689,12.33913913,12.40064701,12.16597664,12.34408895,11.28657686,10.64507795
158,07/06/2017,June,11.09722304,13.26239938,12.78706163,12.91535163,12.93310432,12.51796148,13.10307074,12.02505745,11.44916314
159,08/06/2017,June,12.10326066,14.05611501,13.63353485,13.99296372,14.26288988,14.1185101,14.86568413,13.9213734,13.86513558
160,09/06/2017,June,13.0572721,14.64075166,14.00616359,14.5486389,14.26511271,14.00280059,14.55807416,13.47366963,13.52864619
161,10/06/2017,June,13.93591976,15.32030644,14.94419466,15.22185783,14.5147366,14.35942252,14.96542612,13.81780191,13.97285252
162,11/06/2017,June,12.87240309,14.93578552,14.56882378,15.02696131,15.03694431,15.00412412,15.31153077,14.03986478,14.23077635
163,12/06/2017,June,12.18000013,14.53839398,13.93299721,14.33311061,14.23817786,13.73979895,14.05886035,12.96755362,12.63930268
164,13/06/2017,June,13.32840115,13.69029132,13.85374759,14.57619436,14.98822476,14.92920496,15.99097662,14.84425016,14.97698592
165,14/06/2017,June,15.96202634,16.79752588,15.77080796,17.08719671,16.60717864,16.07491511,17.13183073,16.01951464,17.08920725
166,15/06/2017,June,13.0550044,14.80090188,14.71280576,15.64584911,16.09234928,16.00123565,15.83077244,14.78784275,14.6633343
167,16/06/2017,June,14.16781066,15.53997597,15.16145904,16.08973919,16.15129679,15.79011472,15.79117599,15.10616532,14.46639778
168,17/06/2017,June,17.04141471,19.84182548,19.03886875,19.87427038,20.27379365,19.81129485,20.03998665,19.04913929,19.26885584
169,18/06/2017,June,17.02757721,18.99942778,18.51444486,19.25909879,19.77786919,19.74813736,19.2598582,18.73052708,19.17346896
170,19/06/2017,June,17.04724917,19.64165284,18.66801238,19.95692421,20.7670164,20.76115528,20.76920423,20.17742689,20.6096309
171,20/06/2017,June,15.44909413,14.68191721,14.40572667,16.3245269,16.42694692,16.1030083,17.01925489,15.98069329,15.84550563
172,21/06/2017,June,18.1397378,16.32929357,15.34225527,18.43670876,18.05236227,17.45490815,19.72582771,18.48543501,19.35563341
173,22/06/2017,June,15.65299134,17.02465142,16.58674759,17.30046684,17.34309605,17.11862675,17.40049883,16.47567389,15.72808519
174,23/06/2017,June,13.67962469,16.03955873,15.67060655,15.58585764,15.09458696,14.56263141,15.20703028,14.2044911,14.0361302
175,24/06/2017,June,12.53591228,13.89320256,13.34044398,15.12039215,15.40059583,15.20207113,15.66750092,14.47305448,14.5804175
176,25/06/2017,June,12.15854254,14.23729965,13.72862069,14.6450413,14.99550221,14.76577939,14.4422801,13.51584394,12.73869669
177,26/06/2017,June,10.79989108,10.88875661,10.71255269,12.25699785,11.88239596,11.71628855,12.85174548,11.68582875,12.29488047
178,27/06/2017,June,10.74893011,11.59623817,10.92492277,11.87922951,12.03410616,11.76267159,13.03650231,11.85654705,12.07429197
179,28/06/2017,June,10.76307418,11.82776673,11.23361994,11.65764603,11.37320555,11.19141883,11.9426552,10.72780425,10.54130136
180,29/06/2017,June,10.77791682,11.70671925,11.1663457,12.31638514,12.30973086,12.26383917,12.85666725,11.75032422,11.37863593
181,30/06/2017,June,12.88008235,14.15242494,13.52660687,14.581019,14.43719711,14.22668863,14.91455337,13.85858362,13.2350109
182,01/07/2017,July,13.60115422,15.10055334,14.86023156,15.64086748,15.69703799,15.64586519,15.6907563,14.79594825,14.67031563
183,02/07/2017,July,12.27223014,13.66722775,13.34641577,14.48296962,14.30719744,14.13475322,14.40401241,13.31251056,13.47498143
184,03/07/2017,July,13.64471768,15.29551497,14.79524494,15.72076022,15.18977822,14.82443612,15.3385661,14.18442316,14.52560043
185,04/07/2017,July,11.58181144,11.55710625,11.23361058,13.31686833,13.36533394,13.89726957,14.59917652,13.7455892,13.86430267
186,05/07/2017,July,13.27556141,12.71881522,12.30524341,13.43260519,14.13787696,14.85353905,15.49893054,14.4384385,15.28646396
187,06/07/2017,July,16.3987661,16.29021675,15.85290818,17.81412691,18.23660649,18.48880454,19.54911161,18.57691064,18.84709889
188,07/07/2017,July,15.21998235,16.71437379,16.56454137,17.08779457,16.86766039,17.25701797,17.23622722,16.16539919,16.68728821
189,08/07/2017,July,11.60119095,13.104997,12.28774658,13.7154065,14.14180036,14.53826919,14.06529812,13.2235593,13.19967319
190,09/07/2017,July,13.32947975,14.80854211,13.91629175,15.13928603,16.10202794,16.58507455,16.40683171,15.61260357,16.77569294
191,10/07/2017,July,14.26032397,14.72677469,14.45324277,15.66663516,15.14063944,15.17452839,15.52084419,14.58100535,14.40408776
192,11/07/2017,July,12.5693587,12.75901853,12.12644453,13.18399803,12.51570754,12.42223638,13.31372028,12.12259926,11.93122931
193,12/07/2017,July,12.96222968,12.94960805,12.64500444,14.19996678,14.11587192,14.04491338,15.15296183,14.07130368,14.40095353
194,13/07/2017,July,12.90276173,15.1869864,14.04193196,14.84811304,15.47768679,15.28124016,15.49786405,14.61123419,15.03388536
195,14/07/2017,July,13.33335376,15.73398192,15.17882207,15.15764547,15.02107213,15.04659156,14.98435637,14.13059191,13.52702012
196,15/07/2017,July,14.97037892,16.96209458,16.287895,16.27857089,15.90268227,15.81973428,16.60111201,15.47751446,15.57632085
197,16/07/2017,July,14.38656264,15.82441135,15.28256483,16.99558616,17.56649059,17.83833085,17.71047706,16.69535336,16.18899705
198,17/07/2017,July,14.66154727,17.45622995,17.0972313,16.98267115,16.84803773,16.90775511,16.95901674,15.95857907,16.45152423
199,18/07/2017,July,15.91290159,15.36780254,14.6942133,16.91441351,16.05420145,15.86754274,17.38330732,16.32197287,17.01322597
200,19/07/2017,July,15.83731966,16.43481598,15.76695995,16.87921163,17.70184609,18.05226428,18.81131817,17.7436394,17.97548255
201,20/07/2017,July,13.11984744,15.38270254,14.7141237,15.38963833,15.32482486,15.46972053,15.21750624,14.19010508,14.035524
202,21/07/2017,July,13.44678467,13.28180946,12.30450895,13.66490054,14.05490751,14.43372715,14.82021533,13.95044781,14.0659267
203,22/07/2017,July,14.71115534,14.66550496,14.25496794,16.80865016,17.02904196,16.98009761,17.03001014,16.08877512,15.82712675
204,23/07/2017,July,13.53892967,13.56455201,12.88656709,14.25641458,13.75148173,14.00147539,14.57583927,13.65973934,13.2757172
205,24/07/2017,July,15.09663156,13.94398178,13.56254989,14.34516742,13.43533734,13.52652872,15.8304086,14.38350591,14.92136937
206,25/07/2017,July,13.8420059,13.84622513,13.38425892,15.14361377,14.81229898,14.67992332,15.4937706,14.83192164,13.81373245
207,26/07/2017,July,14.33274296,15.81768656,15.19857924,15.9461197,15.4969771,15.42591475,16.37502977,15.36071095,15.17660686
208,27/07/2017,July,12.51426959,13.46085365,13.12044529,14.0662482,13.5851689,13.4698917,14.53451644,13.2081381,13.23441187
209,28/07/2017,July,13.43352085,14.79812073,14.14389356,15.0815487,15.69828631,15.71279494,16.00459646,14.91264848,15.0934849
210,29/07/2017,July,13.85034855,15.0545728,14.47942116,15.08672947,15.23051321,15.2133724,15.74381421,14.54220189,14.68129709
211,30/07/2017,July,13.62786715,15.28687241,14.68583968,15.15312924,15.61796423,15.66082188,15.61745127,14.65465185,14.68368291
212,31/07/2017,July,13.4104133,15.29051549,14.7942827,15.17621627,15.13370907,15.33293829,15.36534406,14.39044385,14.28698354
213,01/08/2017,August,14.10937127,15.47902692,14.89937185,15.30385064,14.68341229,14.53051481,14.94460196,13.96533169,14.26638489
214,02/08/2017,August,14.83240203,14.77360684,14.15036496,14.83032531,14.85072409,14.75656808,15.79526399,14.7411094,15.41360799
215,03/08/2017,August,14.63526471,16.24668596,15.59597096,16.0631352,16.01661965,16.07644181,16.44694319,15.36592535,15.63644166
216,04/08/2017,August,14.28829981,16.52765068,15.850691,16.56362736,16.6705959,16.32136028,16.33077319,15.44966298,14.83465072
217,05/08/2017,August,12.60815029,14.64621171,13.95800091,13.99936145,13.22251159,13.30918271,13.74642624,12.70420968,12.87107095
218,06/08/2017,August,10.93169497,12.18572197,11.76613538,12.29327731,13.24998162,13.56117403,13.76179457,13.05201572,13.38800732
219,07/08/2017,August,13.17693933,15.29198839,14.86510924,14.95556961,15.09360749,14.90393792,15.31747033,14.36094211,14.08619766
220,08/08/2017,August,12.55670014,13.30743154,12.92544467,12.14416491,11.73193019,12.09370455,12.3848859,11.45442115,11.56388914
221,09/08/2017,August,14.03916805,14.85624252,14.34047888,14.66257935,14.16038199,13.81825068,14.89104966,13.85799237,13.63080139
222,10/08/2017,August,11.7625591,14.50955181,13.12739622,13.42349557,13.68880955,13.79557089,13.28163575,12.7362375,12.78722791
223,11/08/2017,August,12.50583829,14.13826917,13.83332536,13.92155051,13.0720113,12.90751442,13.63383823,12.52790432,13.07486315
224,12/08/2017,August,13.8624265,13.97478924,13.71809651,15.18883288,15.2333863,15.21884834,16.2912542,15.00268262,14.8921135
225,13/08/2017,August,11.22631844,13.46061598,12.57836689,12.99010824,12.99172483,13.19171354,13.49106761,12.64357796,13.23350762
226,14/08/2017,August,13.58718048,15.55017783,14.81885633,15.84834293,15.85720904,15.51895709,16.15369081,15.16998563,15.70611125
227,15/08/2017,August,14.39032565,16.60315543,15.91443138,16.54494048,16.65994367,16.40426769,16.52251941,15.50330312,15.38114255
228,16/08/2017,August,13.97462636,14.99372902,14.20341202,15.08468796,14.85545248,14.52994554,14.68598291,13.87662805,14.0467086
229,17/08/2017,August,15.87894549,18.55358617,17.98011322,17.87025103,17.98237532,17.5717637,18.06761131,17.05282993,17.08719375
230,18/08/2017,August,12.82624307,15.41204457,14.6686846,14.92430003,14.93886543,14.71707685,14.77079132,13.84006116,13.53866665
231,19/08/2017,August,12.49535847,14.75966183,14.21248662,14.36603681,13.84803572,13.15832261,13.908676,12.79310219,12.29675616
232,20/08/2017,August,12.97225223,15.01283906,14.6341484,14.95039205,14.34712266,14.12196917,14.2107558,13.42236405,13.11574956
233,21/08/2017,August,12.38815273,12.27142084,11.94255157,13.06354922,14.04072238,14.239855,13.84431154,13.16089539,13.29097231
234,22/08/2017,August,17.36693784,16.32168528,16.09539815,18.08974804,18.40371985,17.96831338,18.70911839,17.79191755,17.33571322
235,23/08/2017,August,17.04126682,17.07403761,17.06373343,18.16897044,17.4750229,17.00686815,18.1294351,17.14210616,16.88793181
236,24/08/2017,August,14.1109926,15.41115107,14.98105844,14.95597793,14.81747675,14.34217835,15.24779152,14.17339119,14.26396532
237,25/08/2017,August,14.58676809,16.25100145,16.58531029,15.77803611,15.42167229,14.98326281,15.40693294,14.44934605,14.27311421
238,26/08/2017,August,14.09950482,15.39849887,15.10037315,16.1798182,16.36231309,16.69349418,16.22607111,15.5971766,15.11053178
239,27/08/2017,August,14.67182902,15.4170253,14.93479552,15.71561458,15.81911462,15.62782706,15.7517426,14.9875332,15.59221303
240,28/08/2017,August,15.83751665,18.25734193,17.52552097,17.14353823,17.98609694,18.44165757,17.75851174,16.93607656,17.69447975
241,29/08/2017,August,11.96827292,13.37426905,12.6782478,14.36270571,14.44929037,14.43129799,15.39650881,14.35871364,14.55124028
242,30/08/2017,August,11.64593548,13.27262501,12.97197597,13.07124275,12.91265417,12.48432914,13.88780802,12.75043371,13.01597084
243,31/08/2017,August,11.93734276,12.87343085,12.45051458,12.83036769,12.40183786,12.53150521,12.72108789,11.82733752,12.04496914
244,01/09/2017,September,11.25062594,11.69728155,11.1090605,12.40447497,11.89267058,11.9725937,12.75116998,11.79041358,12.57001005
245,02/09/2017,September,10.72740303,12.50879667,11.9278314,12.20042156,12.85081912,12.89035744,13.07589919,12.2726575,12.57912748
246,03/09/2017,September,11.68698864,13.50949808,12.07967461,12.25879339,13.27386001,13.40920307,12.25842629,11.81705993,11.94320343
247,04/09/2017,September,14.89220431,16.46948604,15.99493727,16.03008247,16.00904589,15.73225528,16.79490395,15.77696795,15.83259371
248,05/09/2017,September,13.71858773,15.67923104,14.87752175,15.97035735,16.27367421,16.1140802,16.2239104,15.47695051,15.67226972
249,06/09/2017,September,11.88269035,13.33038885,13.10847127,13.32368196,13.53395058,13.11229092,13.38604138,12.46683009,12.27569124
250,07/09/2017,September,11.67215965,12.90111386,12.26958783,13.12264181,13.50131439,13.32506328,13.62299815,12.87666854,12.71105813
251,08/09/2017,September,11.60541197,13.52530979,13.06878083,13.20157647,13.76183907,13.77604932,14.06172866,13.15907112,13.03353117
252,09/09/2017,September,12.51234742,13.1317694,12.67349256,12.82483874,12.5657396,12.27903207,13.33642965,12.22940523,12.32894408
253,10/09/2017,September,10.75751658,12.99828777,12.12175334,11.73214608,11.24728571,10.78251589,11.61373857,10.7401757,11.05486008
254,11/09/2017,September,11.55767999,12.78091517,12.27124666,13.4012326,13.4235347,12.81412806,13.33202057,12.43669519,11.74073527
255,12/09/2017,September,11.4502617,13.47192998,12.98146227,13.3345641,13.05141994,12.56946931,13.27996298,12.2833804,12.14103931
256,13/09/2017,September,9.961626777,11.97522825,11.19228947,11.75695198,11.82466398,11.57252599,11.85423653,10.97985653,10.58619792
257,14/09/2017,September,10.52933182,12.34131111,11.8626291,11.99379468,11.46130061,10.90588718,12.03680024,11.06891368,10.83577927
258,15/09/2017,September,10.37105317,12.01982526,11.30911801,11.46905742,10.38599079,9.952545984,11.42994752,10.33603051,9.897233294
259,16/09/2017,September,9.324072956,11.29464899,10.58255321,11.26634528,11.11849064,10.78577077,11.63766786,10.84626815,10.33024081
260,17/09/2017,September,10.98988187,12.51289995,11.61168014,12.60537366,11.94329196,11.39728656,12.2775343,11.47665002,11.49996399
261,18/09/2017,September,9.319342701,10.37444307,9.74082285,10.86199316,11.02270698,11.0671918,11.31676416,10.54067394,10.45499114
262,19/09/2017,September,8.281125437,10.79690177,9.438084938,9.665919043,10.2775023,10.4775736,9.860810864,9.36919968,9.281005607
263,20/09/2017,September,11.95996587,12.65189791,12.07430833,12.23999865,12.36483867,12.16613814,13.08791799,12.25544474,12.94851466
264,21/09/2017,September,13.29233581,15.07547703,14.77924794,14.75862305,14.34256805,13.87495891,14.73942861,13.93037261,14.0295253
265,22/09/2017,September,9.062639956,11.23528338,9.705692353,9.857988698,10.0574524,10.03601964,10.58679552,9.865139161,10.53225603
266,23/09/2017,September,12.83107166,13.52588576,12.23471926,13.07157933,13.22882082,13.12159673,13.35893776,12.34310455,13.05826826
267,24/09/2017,September,13.67294249,14.60086348,13.69944649,14.25560246,14.60611263,14.23664767,14.29904949,13.54555532,13.82843318
268,25/09/2017,September,14.24705664,14.51444272,14.01438732,14.56834038,14.5911594,14.53759274,14.49859054,13.73255567,13.27395808
269,26/09/2017,September,13.39548195,13.77298734,13.72961695,14.54374738,14.5198719,14.35420615,14.9145332,14.06038181,14.46188812
270,27/09/2017,September,13.15653945,13.82219505,13.5480639,14.13112847,14.49598467,14.19703164,14.75768961,13.95979194,13.67959346
271,28/09/2017,September,13.3309883,15.59121916,14.99894719,15.58095927,15.70817291,15.33852534,15.46174161,14.61959112,14.2245703
272,29/09/2017,September,12.71998204,14.55376612,13.64455042,13.97290295,13.82963347,13.29572167,14.01269342,13.08116579,13.08286902
273,30/09/2017,September,10.19321638,10.60974085,9.967897712,11.43189369,11.17194476,11.06113099,11.37726456,10.51154021,10.66784578
274,01/10/2017,October,9.456232735,11.15381981,10.14240743,11.00022968,12.91519996,13.23291574,13.29411996,12.69912124,12.74835754
275,02/10/2017,October,11.11013606,13.46622894,12.69891594,13.01921518,13.1474341,12.93495734,12.95136324,12.07844282,11.838729
276,03/10/2017,October,9.749542755,11.90131165,11.34387996,11.58687987,11.33602651,11.15245837,11.57449623,10.70442651,10.19154169
277,04/10/2017,October,10.92976568,11.88577266,11.25143905,12.45830967,12.2941235,11.79732175,12.53691478,11.6087437,11.58155464
278,05/10/2017,October,8.890480449,10.82235246,9.817539501,10.60694778,10.67871574,10.61002958,11.05455057,10.19015328,9.783689499
279,06/10/2017,October,7.67628663,9.34594636,8.521026778,9.423457315,9.105520872,9.229792302,9.259889015,8.686655065,8.293298101
280,07/10/2017,October,10.22050423,12.89315817,12.03321907,12.27979275,11.44655691,10.854242,11.62825133,10.68547327,10.42639009
281,08/10/2017,October,11.38290793,13.48244252,12.67046322,13.13334807,12.37408625,11.94650325,12.74679976,11.9322024,11.7119478
282,09/10/2017,October,11.48638615,13.59068477,13.13368309,13.84052563,13.48977195,12.59859636,13.35409729,12.43938995,12.57022991
283,10/10/2017,October,11.59090987,12.7022552,12.31809516,13.18862226,13.08464792,12.84473053,13.82735229,12.83637884,13.32031013
284,11/10/2017,October,11.7481052,13.00130656,12.37714388,13.54776526,13.54197945,13.4239934,13.43370089,12.61288865,12.0995906
285,12/10/2017,October,11.36914485,12.87946973,12.30718575,12.37112984,12.12396179,11.69593431,12.72117886,11.90135852,11.71990603
286,13/10/2017,October,12.83324615,14.87348144,14.45976322,14.76088045,15.06861572,14.69239704,14.89822047,14.11657004,13.39716149
287,14/10/2017,October,13.5538442,14.88265637,14.42672661,15.93865222,17.50656995,17.58900465,17.20428585,16.71699927,16.57248937
288,15/10/2017,October,13.20410706,14.97761104,14.14738175,14.52227017,14.81614126,14.58008857,14.98561585,14.05137267,14.72166765
289,16/10/2017,October,14.51613686,13.35953316,13.18863711,14.50377441,15.01122098,15.0476652,15.65949685,14.78821541,15.22486214
290,17/10/2017,October,10.24298203,12.26042569,11.50915969,12.00208327,12.52691441,12.41744495,12.31429219,11.60849631,11.13403339
291,18/10/2017,October,9.161966834,10.48539316,9.665419695,9.518032535,9.127741043,9.1665055,9.541233228,8.665464044,8.210900942
292,19/10/2017,October,10.9846673,11.96703167,11.24371834,11.58513063,11.35357177,11.46669406,11.80368452,10.90857094,10.77342521
293,20/10/2017,October,12.38259197,12.97938915,12.51353927,13.35780718,12.56182787,12.25201263,12.38140499,11.58872893,10.78033844
294,21/10/2017,October,10.27511046,12.06763107,11.34065754,11.71558925,11.65975868,11.44948244,11.47999473,10.56977515,10.39104105
295,22/10/2017,October,9.471566228,11.93263799,11.26309377,11.04170208,10.43331169,9.814211666,10.29598066,9.397803791,9.233416974
296,23/10/2017,October,9.484155375,11.04498295,10.11845236,10.39429328,9.884390163,9.723902936,11.1383412,10.00779841,10.8039132
297,24/10/2017,October,11.66860328,13.24962079,12.6322292,13.45133013,13.25619025,13.08821897,13.67797036,12.83270602,13.36685244
298,25/10/2017,October,10.091379,11.34343422,10.74631822,11.48849005,11.49537822,11.64057703,12.01826388,11.12296467,10.92226138
299,26/10/2017,October,9.988538108,11.09601145,10.57120256,11.13598855,10.72265731,10.24784481,11.11518975,10.12918086,10.42912502
300,27/10/2017,October,6.711890224,8.547463941,7.807812261,8.654476442,8.152598836,8.175057568,8.380534962,7.734196809,8.173440619
301,28/10/2017,October,8.279129014,10.58134625,10.10040805,10.74795573,10.29460941,10.01851345,10.22517422,9.658912042,9.7486825
302,29/10/2017,October,6.682553512,7.982972347,7.209616625,8.287021572,8.330680521,8.257243003,9.13616853,8.180182883,8.044857223
303,30/10/2017,October,4.610208885,6.723789466,5.527583433,5.833128482,5.667937309,5.628897971,5.593066174,5.223537709,5.457953112
304,31/10/2017,October,6.297378405,8.657797149,8.125315956,8.326802277,8.237801607,8.143189931,8.130240991,7.724477606,8.556557882
305,01/11/2017,November,10.47166961,11.69667555,11.27757479,11.75894562,10.67990048,9.923567715,11.13424925,10.28140693,10.37443073
306,02/11/2017,November,6.924924497,8.44779483,7.688219224,8.654572667,8.56408426,8.343360448,9.243803781,8.605487943,8.509679418
307,03/11/2017,November,4.962921204,6.513232281,5.076514175,6.704848376,7.241603913,7.652680067,8.484580759,7.938450713,8.039570684
308,04/11/2017,November,7.00649201,8.971678124,8.41002594,8.843094655,8.979032848,8.814474647,9.619897642,8.875116525,8.569376267
309,05/11/2017,November,4.005017034,5.304277709,4.691265693,5.60290921,4.786003505,4.650776143,5.792261589,4.880171891,5.114596896
310,06/11/2017,November,3.756044239,4.696586262,3.858519207,3.848990227,3.686473943,3.726364902,4.951555167,4.231250815,4.982088618
311,07/11/2017,November,5.171166401,6.698853653,6.498153012,6.404453478,6.082287712,5.764285517,6.831358051,6.10813185,6.988418304
312,08/11/2017,November,4.507048757,6.574165353,5.590306499,6.102829226,6.111330711,5.974323325,5.982067206,5.715227939,5.864995563
313,09/11/2017,November,4.881620302,7.375403992,6.800692311,7.153842696,7.093167023,6.877418482,7.46425396,6.995981217,6.949866071
314,10/11/2017,November,5.433191719,6.893282025,6.222802727,7.249824778,7.06636589,6.795652566,7.736342737,6.808905242,6.586471697
315,11/11/2017,November,3.953654957,4.80199512,4.294779531,5.528882729,5.507549123,5.630392328,6.526001376,5.729012322,5.620292728
316,12/11/2017,November,2.621008021,4.164310378,3.492919681,4.403149284,3.530555958,3.415686159,4.572673948,3.623702323,3.527139152
317,13/11/2017,November,3.502164929,6.043935677,5.258110554,5.583836162,5.089830779,4.701959427,5.15197935,4.700632866,4.727090941
318,14/11/2017,November,4.839627501,7.58286487,6.618280042,7.412249222,7.364219883,7.05291074,7.112581117,6.653380321,6.356136491
319,15/11/2017,November,5.37894803,6.509999095,5.639765321,6.43986816,6.773523074,7.338153828,8.305695728,7.612272224,8.038351325
320,16/11/2017,November,5.156732806,6.41788365,5.698593274,6.952058945,7.365816786,7.946676504,8.384450326,7.584858499,7.706670554
321,17/11/2017,November,3.821359859,4.977397816,4.473432945,4.009341057,3.428902504,3.448581733,4.459167451,3.597754985,4.501303633
322,18/11/2017,November,4.651313986,6.055705034,5.491419994,5.515100083,5.054015133,4.891528932,5.873864013,4.984663742,5.853215159
323,19/11/2017,November,3.301463552,3.425205114,2.840081888,3.927411633,3.346397655,3.689855664,5.255803343,4.417514339,5.27999785
324,20/11/2017,November,4.540991475,6.995160413,6.251941037,6.958872648,6.253274541,6.183066172,6.771995048,6.298219277,6.678837908
325,21/11/2017,November,9.967608752,8.91486945,8.539726399,10.34318024,10.37993554,10.28765603,11.65908668,10.89035409,11.26044488
326,22/11/2017,November,9.69916508,11.31016952,10.73221261,11.67311943,11.99163064,11.87206713,12.38453618,11.82111709,11.72471721
327,23/11/2017,November,3.456410126,4.655576892,4.057379074,5.237362207,5.625261273,5.86507335,5.877462128,5.192757812,4.782807836
328,24/11/2017,November,1.846068526,2.976666168,2.569125937,3.078754148,2.808735494,2.927692953,3.636492628,2.813367469,3.242416959
329,25/11/2017,November,1.008354034,1.793993439,1.484808225,1.799736719,1.304966587,1.45110246,2.415687355,1.575266389,1.760876971
330,26/11/2017,November,3.919944555,4.49715494,4.024820433,4.943582499,4.261601369,3.90351082,5.297984601,4.465026519,4.618243271
331,27/11/2017,November,2.676857518,3.96247968,3.494681626,4.389421072,4.258133297,3.93812424,5.015661092,4.141419256,3.88949621
332,28/11/2017,November,1.473005701,3.614413889,2.759357405,2.971452218,2.438047972,2.11319542,2.751731333,2.063656535,2.023055476
333,29/11/2017,November,1.431450646,3.29307544,2.574603436,3.087760615,3.100414391,2.805289667,3.219690579,2.390599712,2.81072648
334,30/11/2017,November,-0.979885157,2.142663761,0.802136644,0.7905753,1.220745575,0.826430693,0.956733932,0.255077334,-0.078982113
335,01/12/2017,December,0.743202714,2.362933803,1.906162698,2.123251972,1.860624541,1.500784563,2.596771428,1.723676044,1.422172776
336,02/12/2017,December,3.276378883,4.451337854,3.587056015,4.316709332,3.810458684,3.786847777,5.081411163,4.168760703,4.457986798
337,03/12/2017,December,4.771903285,6.121338507,5.542764654,6.230408756,5.022824937,4.724947857,6.683519895,5.569153752,6.301031507
338,04/12/2017,December,3.975780808,5.383517471,4.748219106,5.257236681,4.217438173,3.805768387,4.910349792,4.249600609,4.438366738
339,05/12/2017,December,6.373976177,7.282692403,7.057559747,7.155324122,5.746677455,5.157465188,6.794969828,5.984460019,6.342828455
340,06/12/2017,December,8.266885559,9.869367448,9.380732231,9.444507208,8.904220023,8.425832545,9.340535192,8.501185794,8.031776851
341,07/12/2017,December,5.22301977,6.792875672,6.088737248,7.214447662,7.328323695,7.526208807,7.274408481,6.491871738,5.840946916
342,08/12/2017,December,-0.978262699,1.028797979,0.186219006,0.595845576,0.475323955,0.389056463,1.027362825,0.13897473,-0.799597334
343,09/12/2017,December,-1.636153227,0.152961556,-0.325003146,0.239722228,-0.756770505,-1.061783608,-0.286246841,-1.031955258,-1.274047211
344,10/12/2017,December,-2.670099897,-2.462542396,-2.914939489,-1.514031687,-1.156965093,-0.855992641,-0.738397822,-1.194062192,-1.306396259
345,11/12/2017,December,-4.505778295,-1.628500106,-2.827806137,-2.55821865,-2.282040961,-1.265091849,-1.600406648,-1.977365328,-3.348731153
346,12/12/2017,December,-1.312644649,0.402056344,-0.78768376,-0.671251504,-0.705264256,-0.17849876,0.08354072,-0.445629752,-0.517664719
347,13/12/2017,December,0.622220607,2.319562453,1.817194322,1.609592222,1.042521227,1.254231927,1.903385161,1.326119556,1.817800892
348,14/12/2017,December,1.124792693,2.256327285,1.843165194,2.54271626,1.784234378,1.799528248,3.130527704,2.112148771,2.180040716
349,15/12/2017,December,0.783054154,2.883491064,1.982932546,2.111896152,1.886170216,1.97421381,2.652115703,1.742740006,2.114888822
350,16/12/2017,December,0.068194999,1.769050124,0.925447967,1.3993681,0.606724662,0.465651971,1.496405694,0.849214002,1.2412917
351,17/12/2017,December,1.981384925,3.078273151,2.413714813,2.540924558,1.764672074,1.487176541,3.20123985,2.496008385,3.082162823
352,18/12/2017,December,2.886615324,4.545859352,3.316897833,3.61561032,2.412159092,2.456612966,3.37010418,2.981846123,3.894602647
353,19/12/2017,December,4.399536841,6.189695642,5.643181632,5.441303661,4.64020795,4.570808868,5.534633009,5.124537879,5.75882928
354,20/12/2017,December,7.873726648,9.820735769,9.660453087,8.380501369,7.318621104,6.971097743,8.225820466,7.475823688,8.140163019
355,21/12/2017,December,6.454808733,8.10043865,7.526282371,7.488227913,7.394028512,7.473731326,8.344896533,7.750279321,8.427037467
356,22/12/2017,December,6.96327471,6.25379527,7.117343321,8.146783323,7.727576121,7.785638728,8.62827126,8.205961982,8.425165999
357,23/12/2017,December,7.843857358,8.943955313,8.842179294,8.399754934,8.03812145,7.985222705,8.695770979,8.115370402,8.094301327
358,24/12/2017,December,8.813753065,10.50490011,9.709210947,9.935680141,9.577300716,9.118619713,9.693445505,9.070152524,8.768370016
359,25/12/2017,December,8.028120949,9.759747869,8.950394812,10.01116847,9.871721615,9.41669004,10.13774715,9.499755145,8.586463993
360,26/12/2017,December,1.847305954,2.728228168,2.27183336,3.159226051,3.120820172,2.969823078,3.685969641,2.849347959,2.233473254
361,27/12/2017,December,-0.872094095,0.094630319,-0.536678523,0.435173282,0.763714282,1.466147253,1.609209837,0.785657544,0.866255349
362,28/12/2017,December,-0.211938295,1.43799008,0.872359868,1.490234274,0.930535956,0.697288874,1.532911667,0.784803413,0.772312469
363,29/12/2017,December,0.458500909,0.78602299,0.364550542,0.248138104,0.14956765,0.362381182,1.403100034,0.782972481,1.189035917
364,30/12/2017,December,4.087147181,3.344378361,3.532427254,4.390014763,4.459035171,4.607668581,5.31518583,4.513831503,4.370464958
365,31/12/2017,December,3.320059652,4.577673198,4.241509928,4.220676579,4.325556426,4.68510387,5.670508902,4.730583486,6.093080859
366,01/01/2018,January,4.272750378,5.188028693,4.632347822,5.026171327,4.473712564,4.086722851,4.998936176,4.264959216,3.673571408
367,02/01/2018,January,4.153341115,4.50902009,3.921041191,4.612892568,4.61681658,4.642080307,5.690074205,5.12414223,5.148265898
368,03/01/2018,January,4.236572504,5.184406757,4.626270652,5.233970523,4.996077061,4.824683309,5.47257781,4.789135575,4.512719154
369,04/01/2018,January,4.161026478,4.764399409,4.672340035,4.944122314,5.369182825,5.557761908,6.481906176,5.731400967,5.957154751
370,05/01/2018,January,1.901745647,2.907059371,2.609567758,2.851339489,2.914418608,2.689013958,3.736320138,2.827472687,3.205359638
371,06/01/2018,January,1.821561843,3.209342599,2.917927019,3.032914788,2.931291848,2.710292101,3.084836781,2.436430603,1.920979097
372,07/01/2018,January,-0.420730591,2.01110518,0.996953011,1.767099857,1.992447376,1.884997532,2.158230104,1.577244908,1.100930482
373,08/01/2018,January,-0.860296965,1.098292232,-0.042405844,-0.517406344,0.222048998,0.641614556,0.636203051,-0.164332986,-0.252711892
374,09/01/2018,January,1.14551568,2.415862545,0.888999939,0.253305435,1.795158297,2.098344781,1.609657049,0.814088047,0.89372611
375,10/01/2018,January,2.749328002,3.99116683,3.401835322,3.76975596,3.664893448,3.653254926,4.253826439,3.544326127,3.351062864
376,11/01/2018,January,3.057543159,4.908710599,4.255654931,4.418766499,5.024255276,5.093399167,3.985028923,4.000218749,4.013781309
377,12/01/2018,January,3.872503936,6.371426821,5.615260363,5.190430403,4.913547754,4.482630491,4.590634942,4.174104452,4.564576268
378,13/01/2018,January,3.710802913,4.023617506,3.863708854,4.322482347,4.023698688,3.731980085,4.806976557,3.9350245,3.665874839
379,14/01/2018,January,4.675853252,5.137933373,4.542134285,5.302519798,4.763172865,4.527190804,5.533505321,4.596266508,4.665952563
380,15/01/2018,January,4.154943347,5.221329927,4.739230812,5.38841331,5.031046391,4.85586381,5.681687713,4.771080375,4.669673324
381,16/01/2018,January,0.99624753,1.915386111,1.355959669,2.194886327,2.398252606,2.229024798,3.000370026,2.034279525,1.832769275
382,17/01/2018,January,1.00725925,1.891613096,1.161528826,2.245584778,2.41738265,2.552517489,3.478237599,2.532173231,2.427316666
383,18/01/2018,January,0.766269356,1.394086689,0.731122613,1.661410287,1.557311416,1.833014168,2.588932753,1.692686208,1.621300295
384,19/01/2018,January,1.001582474,1.807802334,1.325705349,1.484637737,1.066846907,1.288791835,2.431467146,1.509036843,1.474836856
385,20/01/2018,January,1.217683226,2.242115616,1.851969957,1.473257184,0.991205335,0.878176212,2.192242503,1.320011776,1.116472684
386,21/01/2018,January,0.757096767,0.6711694,0.092248201,0.876067162,0.428184748,0.560232043,2.357875288,1.449696183,2.129790962
387,22/01/2018,January,3.425251961,3.765535474,2.960370898,2.806732833,2.876198232,2.759922922,4.551305264,3.590850979,4.007639542
388,23/01/2018,January,7.003041029,8.082791567,7.990930676,7.997136593,7.59423244,7.34062624,8.630885363,7.727191329,7.721570253
389,24/01/2018,January,6.063348293,8.050706387,7.298065186,7.275350571,7.15172267,6.961740732,7.712080479,6.748408079,6.435693741
390,25/01/2018,January,4.386684656,5.541814446,5.020185828,5.806720734,5.190405011,5.03021574,5.790916681,4.985611677,4.579494596
391,26/01/2018,January,3.213871419,4.551931262,4.24148798,4.036664963,4.08701086,3.945504785,4.690552533,4.159477293,3.754347742
392,27/01/2018,January,5.534673274,6.493065,6.069493651,6.294336259,6.088276595,5.557000764,6.454611719,5.876558095,6.084155023
393,28/01/2018,January,8.1838305,9.393640995,8.871300936,9.052574396,8.30404973,7.935787916,8.996456385,8.136708975,8.128517151
394,29/01/2018,January,5.542431831,7.417212248,6.646127939,7.658936501,8.111739874,8.210277081,8.231062889,7.580790758,6.975366831
395,30/01/2018,January,3.440738142,4.475148439,4.029337943,4.36239028,4.112935603,3.953039467,4.50749886,3.866694033,3.961638808
396,31/01/2018,January,1.832295954,3.329771638,2.888500452,3.236023068,3.348871887,3.104748011,3.54446733,2.867437065,1.992837876
397,01/02/2018,February,2.118997769,3.570615915,2.925903832,3.046801496,2.653663301,2.284251401,3.500338518,2.507570011,2.538747841
398,02/02/2018,February,3.108373948,4.840934239,4.178350471,4.662308006,4.10094865,3.439525837,4.785260715,3.786990792,3.48935347
399,03/02/2018,February,0.64169297,1.941297906,0.897985103,1.079613217,0.994500566,0.974018559,1.409008415,0.523500995,0.657018535
400,04/02/2018,February,1.466795176,2.996832151,2.37907866,2.192239257,2.013578119,1.986887461,2.245987669,1.416581477,1.406134302
401,05/02/2018,February,-0.7811849,1.535147278,0.722384272,0.938954976,1.196308485,0.99466856,1.35166681,0.647641556,0.257414685
402,06/02/2018,February,-0.747140614,1.208593025,0.555351601,0.379999145,-0.477695363,-0.961029368,0.191258649,-0.834298092,-0.825879017
403,07/02/2018,February,-1.923293817,0.992262487,-0.136330123,0.108267348,-0.720672809,-0.469670347,-0.29798332,-0.99273682,-1.546099183
404,08/02/2018,February,0.005609053,3.158454967,2.245742929,2.130075076,1.82331717,1.569771693,2.32130193,1.687151699,1.326957878
405,09/02/2018,February,1.966309584,3.593875167,2.700926003,3.194941935,2.960760696,2.388271291,3.75232107,2.634104105,2.590622008
406,10/02/2018,February,2.731196231,4.737589407,4.212323802,3.46822541,2.805671746,2.469843839,4.001945815,2.965975812,3.521330645
407,11/02/2018,February,0.942275061,2.628291176,2.067991809,2.561089656,2.481215976,2.184989375,2.872627053,1.893037678,1.342063818
408,12/02/2018,February,0.969486599,1.85251766,1.42106692,2.096304859,1.955641315,1.536125146,2.467316965,1.591218506,1.092144067
409,13/02/2018,February,1.431043325,1.698721936,1.04399932,1.419822895,1.695096432,1.495477526,2.319945214,1.268606529,1.57747061
410,14/02/2018,February,1.163958519,1.35351667,0.236485811,0.120307167,0.704810297,0.923353955,1.694951999,0.716808831,1.662511128
411,15/02/2018,February,2.005546555,3.219131477,2.810899174,2.671902075,2.975074349,2.829177145,3.688627151,2.560641192,2.752988771
412,16/02/2018,February,3.39965434,4.486439187,4.107267011,4.129098863,3.783261876,3.352000223,4.329217299,3.412262493,3.389269721
413,17/02/2018,February,4.027088351,5.805576176,5.551758737,4.83250252,4.134095586,3.352168431,5.06950921,3.911197878,4.978774692
414,18/02/2018,February,4.487024291,3.112053794,3.145986957,3.45116383,3.467658255,3.549101134,4.631647158,3.860431841,5.170729907
415,19/02/2018,February,6.335540773,5.470593173,4.553057808,5.642071028,5.371106212,5.278972776,6.869352675,5.704627605,6.801878746
416,20/02/2018,February,5.568667422,6.689124403,6.070960936,6.627658731,6.298383724,6.011380385,7.118503348,6.117285058,6.085535812
417,21/02/2018,February,2.909829142,4.019990266,3.230480373,5.125742561,5.4446184,5.085526778,5.661138232,5.008572929,4.951207214
418,22/02/2018,February,1.03067096,2.62168484,2.285395136,2.045945294,2.001121128,1.644351725,2.738470265,1.852803075,2.053037569
419,23/02/2018,February,0.417504342,1.412193115,0.86994427,0.686267952,0.490351443,0.077746616,0.678546472,-0.448844425,-0.132147684
420,24/02/2018,February,1.341926559,2.688119505,2.255805825,2.95634193,2.474678285,1.852772415,2.547901242,1.530782752,1.716590684
421,25/02/2018,February,0.945695406,2.965106123,2.127229673,2.49690551,2.16311205,1.218480405,2.477231299,1.452419035,1.52351058
422,26/02/2018,February,-0.709093948,2.130926571,1.301447414,0.332408412,-0.393670704,-0.978340629,0.047932238,-1.108369897,-1.264687416
423,27/02/2018,February,-2.014976191,0.017831748,-0.699343468,-0.478317975,-1.150666074,-1.646157138,-0.470680393,-1.490512712,-0.595864056
424,28/02/2018,February,-5.614609686,-2.560864517,-3.300489017,-3.736613275,-4.477584597,-4.878618432,-4.266057463,-5.344336526,-5.906226046
425,01/03/2018,March,-4.546815119,-2.18042737,-2.763898428,-3.045660487,-3.295330699,-3.863828128,-3.166454193,-4.293128072,-4.505254434
426,02/03/2018,March,-2.83859268,-0.930464648,-1.518474301,-1.459641411,-1.611618471,-2.086821722,-1.776707834,-2.799216825,-3.243375579
427,03/03/2018,March,-1.096164577,0.844512545,0.09786548,-0.013681094,-0.26862296,-0.821774718,-0.286326929,-1.407063766,-1.845715995
428,04/03/2018,March,-0.087260652,1.829249787,1.127687256,0.877562201,0.988441789,0.551497224,0.953923275,0.019041616,-0.458025027
429,05/03/2018,March,2.029922323,2.938205379,2.375728965,2.854952335,3.771117907,4.030151763,3.931839053,3.091134297,3.180543712
430,06/03/2018,March,2.406856756,3.978866227,3.48666092,3.854801856,4.535778504,4.349353395,4.739273953,3.973192606,3.763586111
431,07/03/2018,March,3.566283401,4.741307543,4.184252114,4.307180031,4.546363161,4.206600013,4.741797245,3.785050625,3.922516346
432,08/03/2018,March,2.532715779,2.93162705,2.790586155,3.102380632,2.648664107,2.295986422,3.248308601,2.235124351,1.531047473
433,09/03/2018,March,3.029971761,4.528652308,4.182969688,3.873562126,3.888455597,3.795577396,4.92156373,3.910631167,4.075154557
434,10/03/2018,March,4.917383039,4.717572409,4.131061932,5.712241562,6.83598496,7.210301768,7.282416589,6.674985472,6.361410129
435,11/03/2018,March,6.140173507,5.324573524,5.092605699,6.353378973,5.895770217,5.848574327,6.572183317,5.624170845,5.673532274
436,12/03/2018,March,4.195518615,5.192253183,4.708330837,5.018411565,4.264369581,3.864731652,5.434732418,4.236767103,4.569881386
437,13/03/2018,March,5.204360608,5.844225418,5.413216848,6.626015795,6.362404761,6.027250027,6.926367455,5.984899965,5.827858681
438,14/03/2018,March,4.399381561,4.746122647,3.774587346,4.553762757,4.863142676,4.780754807,5.23248116,4.317523563,4.71289304
439,15/03/2018,March,4.316939169,4.655265697,4.284981394,4.150193283,4.546960513,4.340178921,5.659602722,4.415055295,4.348831631
440,16/03/2018,March,3.173465302,3.525466341,2.959922392,3.673322187,3.836154791,3.645207896,5.330261382,4.086357967,4.141916049
441,17/03/2018,March,-1.422767772,0.481054993,-0.444560599,-0.299373417,-0.743837205,-1.126078382,0.075985271,-1.204657919,-1.666002429
442,18/03/2018,March,-1.74886263,0.774281384,0.05838909,-0.332095943,-0.623773941,-1.280777065,-0.471680022,-1.659717966,-2.13937633
443,19/03/2018,March,0.789170105,2.413611161,1.7242771,2.007280219,1.849822763,1.382222879,2.101149374,1.001528043,0.509680674
444,20/03/2018,March,2.929824584,5.686263908,4.733992427,5.233865799,4.446446201,3.655165245,4.405847846,3.50984322,2.984191835
445,21/03/2018,March,2.015079747,4.08705032,3.358170095,3.135369648,2.909213972,2.913648633,3.231548109,2.633314714,3.287621232
446,22/03/2018,March,4.994549687,7.356010679,7.190157109,7.345262166,7.221909762,6.602419639,6.545247044,6.013536681,5.178920499
447,23/03/2018,March,5.559395357,7.360821103,7.01775065,7.257723931,7.371842958,7.242519383,7.273163868,6.545492002,6.056429361
448,24/03/2018,March,5.822197338,7.429532733,6.991359452,7.229021952,6.70821808,6.385602053,7.201130226,6.212373303,5.69047607
449,25/03/2018,March,3.872273801,6.356859807,5.847315386,6.286846057,5.757578332,5.680517579,5.819222302,5.057374657,5.286852279
450,26/03/2018,March,3.411564941,5.432628972,4.761159346,5.312099639,5.021023659,5.011461313,5.640856955,4.838762478,4.936808279
451,27/03/2018,March,5.32692013,7.503953551,6.64126956,6.609010284,7.066790492,6.581947039,7.20255167,6.471264346,7.052487031
452,28/03/2018,March,4.02147099,5.619546362,5.232874985,5.737116397,5.428599184,5.293028816,6.319643222,5.242352462,5.144161987
453,29/03/2018,March,2.856893736,3.206417445,2.889064104,3.970267741,3.664595302,3.522773821,4.282207523,3.307175409,3.564639653
454,30/03/2018,March,4.15567045,4.120657239,3.845517036,5.295266818,5.48115501,5.24924909,6.246620721,5.252323161,5.039963055
455,31/03/2018,March,2.739982047,3.613146603,3.06822983,3.24765137,3.471715074,3.357023222,4.100615688,2.970719085,2.65173247
456,01/04/2018,April,2.408302269,4.390134158,3.543400483,3.606923402,3.208035456,2.824061226,3.444249271,2.355476543,2.078455781
457,02/04/2018,April,2.501852358,3.019189781,2.357622521,3.904817306,5.488218951,5.629625847,5.392158784,4.586284305,4.573972977
458,03/04/2018,April,5.030825045,3.66465502,3.056960608,6.676995063,7.632217553,7.634994046,7.79094059,6.855796144,6.731028203
459,04/04/2018,April,5.255372302,4.751897148,4.349602274,6.983088021,7.54763192,7.610933139,7.621340396,6.80319947,6.97187605
460,05/04/2018,April,3.135499807,5.317590379,4.636580375,5.273201973,5.454554132,5.20651504,5.720078228,4.806141873,4.870127278
461,06/04/2018,April,6.896939284,7.22305089,6.64772254,7.748516018,7.612467527,6.962850753,8.185126168,7.040054034,7.327080367
462,07/04/2018,April,7.028450723,8.744517262,7.652721341,7.694166356,8.556570026,8.057292589,8.343887013,7.444385674,7.327809714
463,08/04/2018,April,7.177360253,9.737383219,9.112663361,8.554804347,8.6033391,8.047155063,8.634104172,7.739684928,7.959078728
464,09/04/2018,April,8.986920381,8.810777039,8.649437279,8.415117925,8.211548715,7.660762115,8.224881963,7.364849473,6.530855984
465,10/04/2018,April,5.794098656,5.397071604,5.186161522,5.767449293,5.928204477,5.696016825,6.58416336,5.639356374,5.623454487
466,11/04/2018,April,5.76400841,5.515921264,5.087948232,5.654970756,5.414293825,4.946119766,6.310981183,5.205619603,4.841289208
467,12/04/2018,April,5.154904512,5.238157738,4.763408531,5.318807926,5.218660021,4.896597211,5.852552153,4.803033943,4.481901827
468,13/04/2018,April,6.375023157,7.961128433,7.493629177,7.521462558,7.421897919,6.994789301,7.443569415,6.662177285,6.178566407
469,14/04/2018,April,8.969311725,9.977033947,9.540197466,9.750039799,9.907880393,9.729637512,10.55714335,9.477000801,9.674584915
470,15/04/2018,April,9.172706643,8.446492835,7.886973305,9.021178634,9.072150246,8.174508944,9.299180741,8.23009806,8.507828509
471,16/04/2018,April,9.655089143,10.38909341,10.41890193,11.0861114,11.01196339,10.47123822,11.06858307,10.09086117,9.7917241
472,17/04/2018,April,10.38060858,12.34660948,11.86156261,12.34476519,12.68351453,12.08958854,12.96501574,11.95037431,11.94546464
473,18/04/2018,April,13.5363995,14.68963418,14.10491023,15.21947097,16.08618026,15.83177587,16.36697506,15.47706825,15.62191537
474,19/04/2018,April,13.61654471,16.39917587,15.99817203,16.51652507,18.03996108,17.28846185,16.84924889,16.50017713,16.30531782
475,20/04/2018,April,11.18670331,12.98318523,12.75178188,13.32637261,13.75359754,13.67952965,13.15103114,12.61944065,12.0111412
476,21/04/2018,April,10.96641142,10.91524912,10.13817419,11.43458778,11.64575038,11.44741013,11.93631619,11.21811508,11.86721289
477,22/04/2018,April,10.43652661,11.55225118,12.22646983,13.37271406,14.90232565,14.42230095,14.04871997,13.60783086,13.87127176
478,23/04/2018,April,8.637801284,10.59378523,10.14316553,10.67062359,10.90681781,10.50580244,11.05643079,10.20176829,9.938945044
479,24/04/2018,April,8.406224039,10.5471435,10.02601341,10.66071025,10.35045319,9.782163722,10.27572247,9.31532213,8.939302672
480,25/04/2018,April,7.702239502,9.380407062,9.159525839,9.222713006,8.964861627,8.636144414,9.431312926,8.353997387,8.530041623
481,26/04/2018,April,7.443864077,9.161779629,8.527207123,9.057618381,8.644114854,8.23736741,8.806317559,7.811679101,7.397339063
482,27/04/2018,April,5.699468583,5.953635868,5.901880558,6.316214053,5.3629161,4.976700922,6.061194571,4.91056116,5.269640845
483,28/04/2018,April,5.241739422,5.926587016,5.289328277,5.566683313,5.584529751,5.740089807,6.240335172,5.231399802,5.158895103
484,29/04/2018,April,5.02145619,5.877171104,5.453450148,6.366676802,6.08770075,6.193804678,6.498166526,5.630132727,5.369486991
485,30/04/2018,April,4.845404793,6.724615875,5.923810187,6.359214143,6.853600147,6.291414928,6.504902398,5.69705978,5.559177787
486,01/05/2018,May,4.589490675,6.387440871,6.463517653,6.71704141,6.905700394,6.940372324,7.316727221,6.507730473,7.319344681
487,02/05/2018,May,8.325289056,10.18534051,9.709596051,10.01646743,9.826724968,9.341145777,10.07852321,8.839754412,8.446136599
488,03/05/2018,May,7.697822171,9.279648036,9.060997346,8.682193329,9.092938264,8.947517834,9.265271018,8.469883931,8.414981283
489,04/05/2018,May,10.93743679,13.10937994,12.94792852,13.07762806,13.29866828,12.2493577,13.27966266,12.35838964,12.22053292
490,05/05/2018,May,12.11633823,14.77536871,13.85872723,14.00213196,14.51921207,13.97688629,14.35016188,13.73903326,13.83761287
491,06/05/2018,May,13.69623519,13.57316002,13.38959821,14.71264886,15.38983365,14.64688366,15.65323478,14.95970205,15.67273119
492,07/05/2018,May,14.35612574,13.93942043,13.53814612,16.10643723,17.10107979,16.29804966,17.05719196,16.53940632,17.74485778
493,08/05/2018,May,11.05325866,15.28446584,14.94759775,15.07962483,17.25534469,16.50590491,15.82860776,15.36495557,16.46516545
494,09/05/2018,May,8.116424503,9.997059992,9.365720795,9.84909099,11.19866619,11.60960278,10.97435175,10.19684924,10.29359989
495,10/05/2018,May,8.62160727,10.44187257,9.842196036,10.54473114,11.12712755,10.86647807,10.58222843,9.741404984,9.267726648
496,11/05/2018,May,8.480739763,9.236738989,8.594025039,9.082123586,9.845187289,9.655803958,9.780872006,8.762984612,9.495481402
497,12/05/2018,May,9.488231461,11.14029648,9.80496562,11.39090852,11.99028289,11.80558312,10.79403598,10.3782449,9.554691374
498,13/05/2018,May,11.15278656,12.75199084,12.07642639,13.34008104,13.21999243,12.79910368,12.79932411,12.01116603,11.41534083
499,14/05/2018,May,9.52903156,10.65137886,9.483262568,10.97886668,10.86513103,10.96253778,11.22208372,10.70173647,11.54405035
500,15/05/2018,May,10.86823438,13.24339819,12.56804881,13.01586949,13.28617133,13.245897,13.38620558,12.83962682,12.67578865
501,16/05/2018,May,10.03436114,9.969557394,9.480373507,10.32029021,9.817940509,9.722068174,11.06781825,9.835545927,9.43339837
502,17/05/2018,May,7.866925959,7.816301971,7.045835714,8.173509617,7.93029276,7.811307621,8.36828675,7.447016104,7.331488759
503,18/05/2018,May,9.180253505,9.198086272,8.50199638,9.156783939,8.986818537,8.75854689,9.736362116,8.88207147,9.365238927
504,19/05/2018,May,11.24377541,11.37863989,11.28081912,11.9951625,12.38933176,11.39322307,12.64203545,11.8212044,12.81310683
505,20/05/2018,May,12.5988044,14.6164307,13.39650543,13.97247804,14.66374283,13.35017291,14.92341875,13.86777255,15.72106721
506,21/05/2018,May,13.46251783,13.24369416,12.64744665,14.3469187,14.24074512,12.91901091,14.88885231,13.84477129,14.86916212
507,22/05/2018,May,11.16645946,9.720045486,9.321603206,10.69222123,10.38578111,11.00213971,12.58878157,11.16629425,11.51672288
508,23/05/2018,May,10.72022302,9.690394237,9.070227452,11.17224546,11.56029363,11.39268061,12.71326763,11.90715876,12.24493155
509,24/05/2018,May,12.40576674,10.94183441,10.44612608,11.87657074,11.4396791,11.65050971,13.54058306,12.45346053,12.80727888
510,25/05/2018,May,12.65554175,12.19348295,11.2784971,11.76499567,11.80958727,11.5211058,12.57274045,11.52079289,11.94545077
511,26/05/2018,May,15.30848686,13.88911878,13.60689778,15.06185323,14.58233285,14.12222788,15.89674813,14.69897454,14.70857536
512,27/05/2018,May,15.28021948,13.7807052,13.3403117,15.5927032,15.83070231,15.16570037,16.96123965,15.84357626,16.00228182
513,28/05/2018,May,16.14139192,15.34048807,15.21090818,15.79964683,15.59550942,15.52644341,17.33083093,16.49895719,16.68115726
514,29/05/2018,May,14.50283788,12.44304222,12.98101583,13.54184534,13.24157597,13.60890637,14.81819967,14.03053851,13.45153028
515,30/05/2018,May,13.99048889,12.96027127,12.72178295,13.85088679,14.3409565,13.95935583,14.88479916,13.80392341,14.15778646
516,31/05/2018,May,17.25409424,15.77648194,15.93376565,17.20808911,16.8957178,16.39328006,17.80744317,16.7588947,17.04784162
517,01/06/2018,June,17.41972198,15.68837831,15.65770303,17.47483911,17.46873517,16.7386966,17.99698182,17.06086283,17.29236248
518,02/06/2018,June,15.81776525,15.37991315,15.83383873,16.25124671,16.13410648,15.70032397,16.64904999,15.79542055,16.23952491
519,03/06/2018,June,14.75750534,15.36498813,14.67443237,15.92277703,16.03581576,16.3303175,17.05530678,16.39260251,15.94316025
520,04/06/2018,June,14.74361788,12.83955583,12.93035679,13.55145195,12.67583505,12.70265325,14.37435303,13.26436533,13.13063606
521,05/06/2018,June,12.8472073,12.49642296,11.85218475,13.05850643,12.50820657,12.71134203,13.74499768,12.61141537,12.37995925
522,06/06/2018,June,11.32766457,12.47650554,11.26562979,11.91642925,11.58027493,11.1058236,12.07513005,11.0273498,11.18439715
523,07/06/2018,June,13.71068145,12.65157029,11.59894715,13.23730447,12.60169974,12.5048132,13.71161876,12.64011208,13.21583524
524,08/06/2018,June,13.5196638,12.39900443,11.41175216,12.9240526,11.8317211,11.71468309,12.93518928,11.74904608,11.83884105
525,09/06/2018,June,14.91566844,13.24961464,12.38528939,14.09438776,13.8212626,13.72819558,15.18092639,14.07525792,14.48834937
526,10/06/2018,June,14.95964117,12.4427659,12.23543092,14.75041768,14.50837581,14.03626808,16.23931314,14.8519101,15.39033415
527,11/06/2018,June,14.3444897,13.75452636,13.79518374,15.84115003,15.51090299,15.27257533,17.22317913,16.0633411,16.69099219
528,12/06/2018,June,13.25730948,13.21299553,13.0990251,14.58579787,14.2514929,13.74199914,15.09772876,14.04892887,14.00928853
529,13/06/2018,June,10.99261539,13.4177342,12.71716727,12.95981046,13.89655563,14.13938896,13.97669227,13.32400282,13.83863474
530,14/06/2018,June,13.25730729,15.97872921,15.59934538,15.75455105,15.84446615,15.48599191,16.05593611,14.92975699,14.98856517
531,15/06/2018,June,11.02902334,12.07076189,11.56154809,12.33356884,12.67866225,12.6688249,13.49061401,12.24014767,12.22124515
532,16/06/2018,June,10.7622315,12.3883419,10.92858553,11.60424112,12.12907287,12.73637092,12.45109743,11.64263622,11.85386774
533,17/06/2018,June,11.35546309,11.93320746,11.76106825,12.66752335,13.90113175,13.71775945,14.16874064,13.12987428,13.36464706
534,18/06/2018,June,13.01404962,15.85954911,14.97479101,15.98400461,16.27840035,16.39325296,16.08280673,15.16236278,14.94726654
535,19/06/2018,June,11.21430349,12.56465921,11.86681544,14.26694751,14.97630255,15.48350451,15.02409285,14.12089979,14.4191544
536,20/06/2018,June,13.20448649,15.18080463,14.78638401,15.96273803,16.82459905,17.37206652,16.96320752,16.18645765,15.53586432
537,21/06/2018,June,10.96089897,12.6738644,12.10140032,13.16746581,12.61739791,12.1514733,13.10143935,11.93281251,11.53240905
538,22/06/2018,June,11.05333931,12.55978689,12.23484101,13.89686543,13.3079754,13.15901803,13.98184568,13.12405047,12.8485677
539,23/06/2018,June,11.58087678,13.16696068,12.5644595,13.50304311,13.42443734,13.06323477,13.64378718,12.8643987,13.125476
540,24/06/2018,June,13.66907338,16.99711418,16.20289923,16.22079816,15.87633971,15.42079063,15.7885996,15.25749542,15.21976817
541,25/06/2018,June,15.96137359,16.57587364,16.39914808,18.16995725,17.9340414,17.5370077,18.50894781,18.10857177,19.06253055
542,26/06/2018,June,18.35561667,13.35464843,13.49299996,17.37044669,16.98941621,16.25484985,19.08942156,18.2703904,19.21938448
543,27/06/2018,June,18.84774077,14.9767453,14.88422459,17.25428254,16.21226625,15.16055633,17.83592948,16.83599868,17.68878202
544,28/06/2018,June,19.12836911,15.73862854,15.63819907,17.3509031,16.9753952,16.58326931,18.12858096,17.39876737,17.85675788
545,29/06/2018,June,17.82908998,13.55995227,13.28101517,15.59267142,15.55262894,15.95420066,17.72018606,16.91606716,17.64811714
546,30/06/2018,June,15.77720041,13.52009014,13.4459104,15.91756796,16.16160976,15.87081515,17.48085554,16.42271034,17.02574208
547,01/07/2018,July,17.46470328,16.58542199,16.23703999,17.72897467,16.75557569,16.48244281,18.58569346,17.36862467,17.84659835
548,02/07/2018,July,15.85703247,13.5988549,13.3574251,15.72745961,15.77564151,16.24915885,18.04931221,16.94109959,17.82529089
549,03/07/2018,July,15.71292451,15.14004436,14.47533861,16.54871812,15.69955147,15.32550535,17.49488874,16.28773049,16.9247242
550,04/07/2018,July,16.48042618,16.09653508,15.70856797,16.77051901,16.21598287,16.05691546,17.198533,16.12689155,17.5951224
551,05/07/2018,July,16.76643426,18.58932751,18.47571963,18.6150981,18.27324258,18.00022256,18.8630229,17.98743726,18.76754361
552,06/07/2018,July,15.4308281,16.88917171,16.61189614,18.94362202,18.902352,19.00310161,18.59801809,18.09716385,17.59777356
553,07/07/2018,July,16.5698589,16.96881711,16.66407669,19.91979709,19.52839833,18.56025287,20.00446174,19.19641535,19.32163401
554,08/07/2018,July,17.94479414,19.52111456,19.24527761,20.09810907,19.16090459,18.69336868,19.95768096,19.03252105,19.95996427
555,09/07/2018,July,16.60028734,15.32079766,14.92351839,16.94842766,16.69534328,16.1848681,18.40077719,17.35134457,18.02690087
556,10/07/2018,July,15.84407316,15.02056577,14.83786847,16.38592923,15.41226224,15.55648963,17.3277494,15.95012281,16.11785566
557,11/07/2018,July,14.76411784,13.78800153,12.93772482,15.51749238,15.64041786,15.58330056,16.86870298,15.75688438,16.14392458
558,12/07/2018,July,16.39258226,15.31741491,14.50413051,17.0808079,16.46788981,16.0971908,18.13368798,16.82055116,17.16612195
559,13/07/2018,July,15.92248421,16.90939879,16.42652726,16.79105533,16.87804283,16.37851448,17.44054529,16.38949999,16.9112924
560,14/07/2018,July,16.58374019,19.35828695,18.68878708,18.8349121,19.35425531,19.24353549,19.12302689,18.38188172,18.53520626
561,15/07/2018,July,16.96884663,19.69904998,18.49610093,19.35875169,19.76361668,19.77044219,19.38827686,18.66211019,18.79077382
562,16/07/2018,July,16.53407949,17.06272673,16.26152729,18.29047767,18.60735259,18.8449205,18.93715882,18.0835536,18.94691692
563,17/07/2018,July,13.92779009,16.8685539,16.35204437,16.78762969,16.63393834,16.80532954,16.17649242,15.38076893,14.67042248
564,18/07/2018,July,13.45657605,15.26178569,14.79466647,14.59861537,14.86729361,15.42325805,15.53877677,14.60528413,15.24275306
565,19/07/2018,July,15.77372513,17.34476849,16.86392495,18.4019425,18.52154847,18.79455355,18.35289324,17.62004596,17.39248473
566,20/07/2018,July,12.35592696,15.45481643,14.16916093,14.42185552,16.25495647,17.10152708,15.94451006,15.54959505,16.65416605
567,21/07/2018,July,15.96094355,17.62342061,17.09723271,17.18050661,16.9401508,16.5754041,16.98256565,16.14947822,15.4251584
568,22/07/2018,July,18.1581822,20.65316993,20.33442288,20.79895364,20.68254172,20.66767837,19.89513513,19.30826588,18.02731212
569,23/07/2018,July,18.33201529,21.32300818,20.94372761,21.40683756,21.85220096,22.26731888,21.75935588,21.00075338,20.55705161
570,24/07/2018,July,17.42534703,19.12900144,18.4019807,20.46006674,20.45831377,21.23963842,20.3267059,19.49631957,19.01696659
571,25/07/2018,July,14.96534337,16.25170702,15.51774401,17.21385489,16.78051014,17.35420765,17.29482686,16.41542616,17.21076434
572,26/07/2018,July,18.15119547,17.73627927,16.90723684,19.47124673,20.19232657,20.8500896,21.1512675,20.35286575,21.78991143
573,27/07/2018,July,19.60732289,20.55137499,19.55071171,21.61990821,22.2360662,22.43131612,21.42329167,20.78777761,21.12633818
574,28/07/2018,July,15.76180926,18.27521617,17.76831109,17.97063026,18.08948582,17.95352242,17.83658893,16.88598851,16.72784901
575,29/07/2018,July,13.6534526,15.33470021,14.90651284,15.35977877,15.49042771,15.57518476,16.30513157,15.2615917,16.26833685
576,30/07/2018,July,15.54267048,16.64671354,15.87027674,17.19088683,17.65669319,17.96438653,18.00754282,17.10964857,17.519443
577,31/07/2018,July,13.88463255,16.54515093,15.63783711,16.2230604,16.51794706,17.21903786,16.67978502,15.81738748,15.86758734
578,01/08/2018,August,15.65084883,17.16267847,17.12201483,17.28794242,17.44910459,17.28108531,17.46995212,16.56268614,16.61967994
579,02/08/2018,August,17.13291503,20.21040915,19.96785908,19.93382782,20.81173497,20.90261772,20.51327209,19.80539589,19.92051589
580,03/08/2018,August,18.33115031,20.16632757,19.85580976,20.39907899,19.9170848,19.95637791,19.79018356,19.07640703,18.61254201
581,04/08/2018,August,15.25533876,17.91559795,17.23278447,17.64143289,17.88844044,18.13622715,18.249168,17.41372309,17.1951156
582,05/08/2018,August,15.73037638,18.53286472,17.53259794,18.20076904,18.4526939,18.79535493,18.64022644,17.97028488,17.93912796
583,06/08/2018,August,15.47290039,18.08842768,17.6793606,18.13941733,18.9172005,19.13248273,18.20550625,17.66245374,17.79401594
584,07/08/2018,August,15.88781539,19.35324137,18.64099202,18.67195597,19.98869077,20.70362455,18.65500565,18.47863093,18.10388098
585,08/08/2018,August,12.79960507,15.09819868,14.56927482,14.78609592,15.26859043,15.83046301,15.02815864,14.26604592,14.7787143
586,09/08/2018,August,12.20017871,15.3475306,14.60760205,14.67718993,14.03907647,13.96063787,14.58640169,13.61260904,13.59982041
587,10/08/2018,August,11.92398532,13.57833542,13.25136338,13.3763221,12.8891147,12.78473059,13.1514436,12.13410868,12.49800402
588,11/08/2018,August,12.1812575,14.2352898,13.57742667,14.49639601,14.23449575,14.42321901,14.7578227,14.03700132,14.81680786
589,12/08/2018,August,16.15534717,16.58683133,16.09861354,18.08382631,17.86653853,17.16023427,18.06110667,17.05586051,16.92619639
590,13/08/2018,August,17.63391935,16.85935305,16.51229416,18.89845208,18.6246624,18.41331415,19.06219067,18.29116548,18.3122261
591,14/08/2018,August,15.26797381,16.73992902,16.29470012,16.4451579,16.97823753,17.14275084,16.47366154,15.80700508,15.57165169
592,15/08/2018,August,16.73050597,19.9150246,19.35997035,18.96006897,19.68833121,19.58971026,19.13340591,18.47803791,17.98644405
593,16/08/2018,August,13.135894,16.08970726,15.4191346,15.6253377,16.1596323,16.0032226,15.63033373,14.83825048,14.14140888
594,17/08/2018,August,13.01608978,14.14706185,14.02715663,13.81858026,13.99662733,13.99692894,14.18702955,13.39359975,13.76606345
595,18/08/2018,August,15.23301371,17.67896565,16.73381266,16.8385627,17.6139027,17.9974733,17.30883946,16.68198055,15.99434103
596,19/08/2018,August,16.85290114,18.47035971,17.96010568,18.7938435,19.48152271,19.31595359,18.27178507,17.91395314,17.42016016
597,20/08/2018,August,15.35520191,14.98701758,14.69465575,17.09371124,17.55245326,17.90074514,18.22442712,17.47971196,17.49613677
598,21/08/2018,August,16.72068127,17.97033138,17.40403379,18.76256548,18.95640024,18.88887901,19.09741933,18.41370378,18.01154552
599,22/08/2018,August,16.08795739,17.98819143,17.77266779,18.22116571,18.16462725,18.29056055,18.24433501,17.4558643,17.18264517
600,23/08/2018,August,11.17677477,12.7257954,12.13749769,12.69085659,13.10847637,13.37892013,12.96447374,12.12741729,12.3508646
601,24/08/2018,August,10.74473943,12.58781322,12.21712237,12.19443294,12.28546741,12.0583511,12.57777933,11.5527043,11.0321364
602,25/08/2018,August,11.11601787,12.20174459,11.26430192,12.58405465,11.88458698,11.6720941,12.63680137,11.73020364,11.61788988
603,26/08/2018,August,10.89951171,11.91263244,11.38903444,11.70157631,11.40795953,11.08011202,11.9018485,10.95869754,11.59385893
604,27/08/2018,August,12.01053724,14.55164383,13.88658451,13.99413107,13.75159504,13.3349308,13.62434868,12.67666915,12.08227638
605,28/08/2018,August,13.10397852,14.26302448,13.53226973,14.2762694,14.77633794,15.01752487,15.4527816,14.48402908,14.94247213
606,29/08/2018,August,13.39033627,16.10838949,15.08570508,15.60257517,15.55666212,15.13921057,15.49130132,14.55120767,14.33014346
607,30/08/2018,August,10.10411148,11.46017338,10.95495454,11.66127501,11.49489633,11.61781842,12.06017912,11.35041887,11.53438698
608,31/08/2018,August,11.95707599,11.732831,10.7331622,12.15034685,11.86425577,12.05512342,12.98415091,11.9879906,12.28035187
609,01/09/2018,September,13.85700572,16.9293885,16.39838836,15.21567753,16.10235159,15.63863203,15.31919325,14.71720244,15.04059185
610,02/09/2018,September,16.79327304,20.02202862,19.20566433,19.43876051,19.62658921,18.65751467,20.03021589,19.14156019,19.81273043
611,03/09/2018,September,13.31841061,13.69353283,13.05929507,15.20040742,16.5301623,16.90145358,16.03601734,15.88144148,15.40762395
612,04/09/2018,September,12.04220867,12.41064005,11.91358929,13.52500117,13.27055997,13.49731312,13.94758836,13.08872774,12.51418126
613,05/09/2018,September,10.59243934,12.35056191,11.33914476,13.86681161,13.32770841,13.00575728,13.12005272,12.40094409,11.84149434
614,06/09/2018,September,9.507219712,11.44791789,10.9979548,12.05660162,12.2168389,11.8637668,12.7872599,11.7630593,12.24198269
615,07/09/2018,September,8.979130342,11.04511182,10.20068972,10.27479766,9.361405319,9.225354314,10.22245787,9.292842693,10.2931093
616,08/09/2018,September,11.77017527,12.78074607,12.11208162,12.60103649,12.44300412,12.12982654,12.66488173,11.82883051,11.90700944
617,09/09/2018,September,13.59227663,15.44980777,15.15448297,15.53205593,15.40499101,15.05252495,15.24964647,14.42266878,14.02664408
618,10/09/2018,September,12.29496588,13.32381056,12.62979935,13.19666099,13.34402993,13.25872182,14.00526615,13.05803588,13.02339348
619,11/09/2018,September,12.08912689,14.09753999,13.42283973,14.34806393,14.59984855,14.21687769,13.90389916,13.10041334,12.63483185
620,12/09/2018,September,11.4501295,13.72699277,13.09160916,13.51795194,13.43370648,12.9867582,13.1683721,12.2854234,11.98514269
621,13/09/2018,September,10.54386099,12.96547112,12.31092295,12.36346752,12.17891358,11.67070936,12.06091784,11.29194551,11.66786793
622,14/09/2018,September,11.77816118,14.4699996,13.72197657,13.95637692,13.59147978,13.04996186,13.49320779,12.57683024,12.04898994
623,15/09/2018,September,10.47901722,11.56216207,11.36700693,11.60779057,12.1985704,12.58387019,12.95160234,12.24166564,13.08739963
624,16/09/2018,September,12.14872861,14.66552118,13.97594599,14.67068295,15.19646056,15.39925229,14.69486733,14.0998885,13.53204022
625,17/09/2018,September,13.60961672,14.56185747,14.07543494,15.46041118,15.65872162,16.11912763,15.42593125,14.75895848,14.93649814
626,18/09/2018,September,14.37750433,16.58228413,16.09530464,16.03664826,16.67340302,16.86868236,15.86168631,15.24780502,15.26978125
627,19/09/2018,September,13.49034437,16.04721378,15.31734108,15.62865817,16.12767509,16.26076557,15.82464495,15.06195252,14.97155545
628,20/09/2018,September,10.26137882,12.21786467,11.27821962,11.99198802,12.46941651,12.60777698,12.90107477,11.8846243,12.23058168
629,21/09/2018,September,8.241735875,10.11364265,9.429167465,9.388951271,9.400915419,9.117666026,9.732302724,8.741198831,8.593297497
630,22/09/2018,September,8.897327166,10.66416705,10.18080605,10.09948085,9.799970082,9.351299272,9.857965625,8.783471388,8.784089375
631,23/09/2018,September,7.073453434,9.363364676,8.366624811,8.836469711,8.215608025,8.137520632,9.115030348,8.163831177,8.364533376
632,24/09/2018,September,6.925189025,9.648497245,8.808754107,9.002361882,8.881495395,8.802033547,8.96410454,8.388543828,8.111304824
633,25/09/2018,September,9.239101641,10.7262044,10.16149211,10.22380549,9.820708484,9.342726186,9.457048636,8.965309515,9.732172175
634,26/09/2018,September,12.668821,15.32943127,14.74037669,14.79309737,14.34630673,14.42481075,13.89287047,13.46017995,13.28108631
635,27/09/2018,September,14.72939844,17.02325576,16.21312517,16.61274825,16.63740753,16.72781824,16.26096084,15.81713559,16.31209426
636,28/09/2018,September,6.655633565,9.414945091,8.855311001,9.333303114,9.30506146,9.60200679,9.561585983,8.984524621,9.03528791
637,29/09/2018,September,7.47387026,9.098377744,8.462929884,8.373088877,8.335256374,8.625703083,8.556251694,7.98067107,8.686791237
638,30/09/2018,September,9.246905417,10.76371056,10.38623292,10.71007047,10.24815423,9.827791485,10.45800507,9.629859899,10.16619088
639,01/10/2018,October,6.238742356,8.296065796,6.980803544,8.091451928,7.886519926,8.317280402,8.050941895,7.5086198,7.338937318
640,02/10/2018,October,8.720894185,11.70081806,10.91242484,11.40022846,11.63688078,11.50011534,11.59043128,10.70226725,9.938849701
641,03/10/2018,October,10.62946057,10.42080155,10.67699862,11.8223347,11.2618742,11.19817474,12.41556876,11.53034772,11.61603975
642,04/10/2018,October,12.13349392,13.53108845,13.2792774,13.68645021,13.87451462,13.8968246,13.87475779,13.31571665,13.26073936
643,05/10/2018,October,8.183712567,9.52607131,9.046574714,9.248055935,9.885351903,11.79009196,11.99309561,10.82431908,12.80036203
644,06/10/2018,October,7.064608173,8.69915233,7.899817255,8.458862333,8.132253885,7.660746195,8.681321526,7.708140269,7.720201318
645,07/10/2018,October,6.662232293,8.171822928,7.078483088,6.835595341,6.392957153,6.376495527,6.929792951,6.295626864,7.313371101
646,08/10/2018,October,9.774585704,11.52030766,11.47498424,10.77060974,10.97174892,10.85648355,10.54144951,9.917532306,9.709385071
647,09/10/2018,October,13.40234794,15.17404399,14.77574787,14.47264554,14.48336323,14.23055837,14.5518058,13.87308625,13.78298591
648,10/10/2018,October,14.15088134,14.00413953,12.99253691,13.27937503,13.81761486,13.51814692,13.75950948,13.07865775,13.35470338
649,11/10/2018,October,14.0408065,14.61089305,13.42772365,13.80924717,14.86398046,14.70769827,14.88284563,13.92891114,14.49713851
650,12/10/2018,October,11.79451068,13.1737239,12.4407616,13.45797614,14.26991425,14.60359068,13.60554063,13.01695053,13.19323584
651,13/10/2018,October,14.64878455,16.50674789,15.93142109,17.11313958,18.09592692,18.36214987,17.82428892,17.32266695,17.10733045
652,14/10/2018,October,9.40777811,10.67395379,9.952938498,10.31053521,9.886368008,9.583774594,10.24300346,9.215154555,9.474562061
653,15/10/2018,October,6.297095618,7.463502657,6.157958321,7.03381738,7.556932755,8.565293808,7.665290311,7.133615348,7.529854315
654,16/10/2018,October,9.016640711,11.02812828,9.875534072,10.59450226,11.40794923,11.64411668,11.57410144,10.75788905,11.00764477
655,17/10/2018,October,10.6040265,12.13709448,11.77428681,12.07927867,11.99059427,11.79153533,12.04183379,11.28848394,11.30924534
656,18/10/2018,October,6.260779651,7.884315004,6.878612411,7.814375162,7.178643323,7.561504253,7.428877957,6.854538139,7.069854425
657,19/10/2018,October,6.982815657,8.062228572,7.134718207,7.355700887,7.812776733,7.70685976,7.947955982,7.422291875,7.383157
658,20/10/2018,October,10.15581416,11.42833566,11.80979027,10.74590634,11.65699449,11.3420005,12.02842751,11.50726508,11.98806263
659,21/10/2018,October,12.44231986,14.96522385,14.6141908,13.85261122,13.24546358,12.90128071,13.09980987,12.49017682,12.3748719
660,22/10/2018,October,6.724981357,8.324286963,7.830268346,7.900555791,7.620591586,7.548034382,7.523236175,6.800282078,7.532002706
661,23/10/2018,October,9.195616747,11.8975788,11.39643828,11.32626652,11.15062601,10.71415376,10.61514387,9.993893813,9.315563638
662,24/10/2018,October,10.17844372,12.35807596,11.80598472,12.66089071,12.83767472,12.34549608,11.7690722,11.22114013,10.51807754
663,25/10/2018,October,9.721180998,11.50936423,11.37659765,11.5019162,10.83617908,10.36275774,10.90516579,10.00428844,10.41427422
664,26/10/2018,October,5.503805376,6.802127712,6.185586314,6.840346213,6.684507496,6.554070384,7.04615346,6.093880748,6.168457021
665,27/10/2018,October,2.710565419,4.358598396,4.264205103,4.079828519,3.849673653,3.566196628,3.913628607,3.035148715,2.816471448
666,28/10/2018,October,3.350665226,5.568755391,4.96936148,5.058424927,5.187032667,5.023657968,5.496218213,4.513634619,4.817786224
667,29/10/2018,October,1.360247838,4.099486734,3.074027361,3.183073062,3.329850453,3.542929851,3.107344881,2.531759658,2.091891672
668,30/10/2018,October,2.248387036,4.844870075,3.094903294,3.468340096,3.357186798,3.707816797,3.526759005,2.855393893,3.179025015
669,31/10/2018,October,3.899801089,4.945898748,4.448715341,4.368258,4.219708076,4.319498721,5.60787563,4.485149023,5.832860394
670,01/11/2018,November,5.600592616,6.82608893,6.904431647,6.502050107,6.385361475,5.805611785,7.292437807,6.492655407,7.065786334
671,02/11/2018,November,5.216825351,6.407503765,6.017196916,6.012760617,5.27693539,5.202473456,6.211044175,5.638867191,6.330768927
672,03/11/2018,November,7.483504538,9.12644917,8.583084527,9.0134047,8.208308966,7.906109507,8.683510216,8.21050365,8.308008503
673,04/11/2018,November,10.443146,11.77585654,11.42526493,11.25311204,10.45859568,9.492186869,11.85454048,10.63524911,10.64877129
674,05/11/2018,November,9.041604217,9.58788782,9.222745914,9.310064741,9.236892946,8.754460444,9.205402483,8.457361025,8.072509883
675,06/11/2018,November,9.835422858,10.87194049,10.52066505,10.48706636,10.48231203,10.14681968,10.74542294,9.837459734,9.832600792
676,07/11/2018,November,10.98659941,11.02713572,10.56185017,11.12845224,11.19199092,10.8133539,11.49004889,10.65780267,9.945685306
677,08/11/2018,November,6.841148039,7.911950591,7.229586497,7.744117876,7.694169199,7.806483774,7.899000811,7.25575471,7.314898319
678,09/11/2018,November,7.969230267,8.728353313,8.095449672,8.111054429,7.988086962,7.625341742,8.489418298,7.577496015,7.775001738
679,10/11/2018,November,7.940514563,9.879008071,9.193544939,9.258918425,9.184402711,9.01829578,9.59390529,8.648064249,8.933840094
680,11/11/2018,November,6.918694864,6.518726242,5.932073019,7.393757787,7.692160181,7.836183308,7.484188947,6.964497521,6.121426796
681,12/11/2018,November,7.481192552,8.464186077,7.904509714,8.7563549,8.623198209,8.622068082,8.912328853,8.196704614,8.222731816
682,13/11/2018,November,8.420718073,9.255666953,8.579931804,9.368192258,9.126062577,8.724016293,9.424706729,8.668276402,8.318962693
683,14/11/2018,November,9.59318179,10.91749423,10.20403947,10.69831106,10.40235312,10.20317343,10.95553902,10.15569896,9.632085813
684,15/11/2018,November,8.620034575,8.883827992,7.623800172,7.857296691,8.200108492,7.923521436,8.810219061,7.747591842,9.581980269
685,16/11/2018,November,9.903535846,8.963186166,8.936127475,8.347339138,8.694101729,8.322598248,8.957270932,8.344605999,8.93645843
686,17/11/2018,November,6.61007453,8.465524255,7.734322635,7.859694429,8.616191466,8.615910475,8.123908867,7.863050109,7.196066618
687,18/11/2018,November,6.06680729,7.495025545,7.426985039,5.875605425,6.309860813,6.336935125,7.190552323,6.427506955,6.791105163
688,19/11/2018,November,5.300326873,6.191964326,6.382447523,6.343220622,5.751001923,5.594575087,6.400619215,5.461395788,5.848923228
689,20/11/2018,November,4.313636022,6.156317578,5.586491283,5.642673851,5.092916101,4.615358156,5.084372859,4.167904367,3.58212906
690,21/11/2018,November,3.263561429,5.302906638,4.698819701,4.348259554,3.86451001,3.735108554,3.77877603,2.99688726,2.443421331
691,22/11/2018,November,1.210544217,3.389446859,2.403992334,1.729970593,1.960892552,1.897399902,1.73952194,1.176171829,0.764094704
692,23/11/2018,November,2.920761764,5.769402995,4.967187343,4.534535411,4.553271094,4.2243869,3.840341466,3.218811726,3.052496435
693,24/11/2018,November,4.31368038,5.511207664,5.223701696,5.890530904,5.676896415,5.134319278,5.520395491,4.664382782,4.161734486
694,25/11/2018,November,2.932793505,4.763142555,4.209692893,4.87568296,4.924166517,4.637466141,4.751838952,4.033362927,3.454519371
695,26/11/2018,November,2.323617754,3.981840234,3.515663673,3.839559574,3.949600626,4.315484599,4.449822715,3.635887631,3.206425756
696,27/11/2018,November,4.0631457,5.448661221,4.108132361,4.2593418,4.245222588,4.249964714,4.819613604,4.045852946,4.391740757
697,28/11/2018,November,7.390933869,9.017684236,7.633871187,8.101074331,8.009304946,7.892659338,8.485424873,7.537121397,7.672034891
698,29/11/2018,November,9.462332118,10.63981273,10.20408783,10.54629364,10.39531651,10.17449906,10.84269306,10.11257324,10.1700103
699,30/11/2018,November,5.900517945,7.470849862,6.857861425,7.278792342,7.052486642,6.781377676,7.565996211,6.744993738,6.152639488
700,01/12/2018,December,4.905980088,5.162121832,4.704104091,6.105891685,6.401796928,6.571347606,7.359406754,6.50681712,6.564557403
701,02/12/2018,December,7.139739301,7.510218103,6.806363854,7.885915358,8.32518229,8.620347259,8.937170574,8.299292111,8.252150435
702,03/12/2018,December,4.197951439,5.891146808,5.272265739,6.048631603,6.170254627,6.943447493,7.19070554,6.49006286,6.561842792
703,04/12/2018,December,0.304584111,1.6077041,1.202944841,1.123875387,0.971636952,1.307694891,2.101340966,1.440724222,2.915089962
704,05/12/2018,December,4.013493507,3.546159205,3.242026209,4.224839443,4.060411028,4.338131077,5.097215701,4.623524951,5.168432885
705,06/12/2018,December,6.290212938,6.634362819,6.58060837,6.913869032,7.480217665,7.628253375,8.078699154,7.467549977,7.353475353
706,07/12/2018,December,6.3752133,7.939066916,7.162143353,8.146869455,8.278222926,8.093208793,8.386257201,7.545094118,7.079677338
707,08/12/2018,December,5.756231962,7.290386739,6.834436117,6.971729007,6.754347603,6.531263622,7.316648465,6.34179949,5.798521317
708,09/12/2018,December,3.754155114,4.958040561,4.569024282,5.335686998,5.082016121,5.290937689,6.399315656,5.471130873,5.574036847
709,10/12/2018,December,2.920704518,3.485830977,2.945935942,3.574596477,2.813989423,3.210905379,4.572216011,4.054389076,4.624488647
710,11/12/2018,December,3.998057205,2.858818661,2.191524078,2.633164799,2.485518311,2.666430126,4.834477737,3.764670658,5.036205088
711,12/12/2018,December,4.557310564,4.438370124,4.432765175,4.054267195,3.621057002,3.114680977,4.57518332,3.518213815,3.428059394
712,13/12/2018,December,2.257061579,4.383138836,3.501256233,3.342147902,3.159315721,2.955763122,3.327127565,2.301122862,1.949207937
713,14/12/2018,December,0.219141458,2.242926357,1.125096451,1.193954964,1.219865664,1.543410552,0.853863269,0.268651197,-0.086191205
714,15/12/2018,December,2.086195414,3.040513208,2.329086675,2.30747427,2.349582415,2.46587854,2.565926645,1.85143324,1.567965679
715,16/12/2018,December,2.967820997,4.265198389,3.414536197,3.503428213,2.919863327,2.953042256,3.764477778,2.819413631,2.994976338
716,17/12/2018,December,5.467661222,5.486891019,5.633995129,4.858824341,4.716924028,4.921202619,6.453574137,5.428869237,6.261278471
717,18/12/2018,December,5.666711893,6.389715802,6.304585953,5.652763071,5.129520412,5.369549449,7.017772056,5.987593555,7.057562287
718,19/12/2018,December,4.859226344,4.678978852,4.414884611,5.171095345,4.871641353,4.908439533,6.324182528,5.316606763,5.922294263
719,20/12/2018,December,4.877141893,4.620441812,4.370465517,5.663316567,5.318584797,5.163160953,6.21332124,5.394032171,5.705528291
720,21/12/2018,December,4.926437098,5.53060086,4.954540859,5.711365882,5.611657188,5.571734195,6.636845936,5.834950776,5.711978589
721,22/12/2018,December,5.275546298,6.478116663,6.01570584,6.394502036,6.219505621,6.406854925,6.973984374,6.264358823,6.059002777
722,23/12/2018,December,4.732897237,5.003027311,4.738526768,5.584629604,5.113776557,5.02367444,5.788827,5.095517852,4.852147674
723,24/12/2018,December,2.214242544,4.564643736,3.436543324,4.022355314,3.971882035,4.099922977,3.354355911,3.44297366,3.019046516
724,25/12/2018,December,3.584650806,4.053630393,3.599427014,3.741148707,3.584394241,3.240859435,4.027332339,3.627249106,4.212994981
725,26/12/2018,December,6.516614662,6.941370754,7.118811259,6.204837707,6.095253102,5.92835432,6.692759162,6.134587785,6.622605608
726,27/12/2018,December,6.991325509,8.617817936,7.873507104,6.431526908,5.855282925,5.606964173,7.438561535,6.514001896,7.402905104
727,28/12/2018,December,8.088173679,9.003704846,8.500173375,7.380673754,7.049797857,6.813848849,8.510516806,7.555965643,8.254423742
728,29/12/2018,December,7.009851434,7.163439548,7.705547285,7.568584621,7.452101875,7.688698401,9.047570506,8.264988769,8.692505366
729,30/12/2018,December,6.644069908,8.132839408,7.659440362,7.872332906,7.089324636,7.261408848,7.879925983,7.25194325,7.456869282
730,31/12/2018,December,7.868636455,9.433981227,9.00201427,9.132823732,8.121666077,7.647143392,9.001396044,8.037208542,8.216515439
